Time,Time Code,Country Name,Country Code,"Energy imports, net (% of energy use) [EG.IMP.CONS.ZS]"
2000,YR2000,Afghanistan,AFG,..
2000,YR2000,Africa Eastern and Southern,AFE,-36.4942885104145
2000,YR2000,Africa Western and Central,AFW,-226.627027894688
2000,YR2000,Albania,ALB,46.5181540098418
2000,YR2000,Algeria,DZA,-425.828282077687
2000,YR2000,American Samoa,ASM,..
2000,YR2000,Andorra,AND,..
2000,YR2000,Angola,AGO,-546.644969089562
2000,YR2000,Antigua and Barbuda,ATG,..
2000,YR2000,Arab World,ARB,-287.057706008547
2000,YR2000,Argentina,ARG,-33.8428334748467
2000,YR2000,Armenia,ARM,71.191142301674
2000,YR2000,Aruba,ABW,..
2000,YR2000,Australia,AUS,-117.602689924911
2000,YR2000,Austria,AUT,66.9003178334892
2000,YR2000,Azerbaijan,AZE,-65.8626208552949
2000,YR2000,"Bahamas, The",BHS,..
2000,YR2000,Bahrain,BHR,-97.8255856381815
2000,YR2000,Bangladesh,BGD,17.6509148650554
2000,YR2000,Barbados,BRB,..
2000,YR2000,Belarus,BLR,85.4915862800884
2000,YR2000,Belgium,BEL,87.2199602723335
2000,YR2000,Belize,BLZ,..
2000,YR2000,Benin,BEN,28.0977102178966
2000,YR2000,Bermuda,BMU,..
2000,YR2000,Bhutan,BTN,..
2000,YR2000,Bolivia,BOL,-49.6505599539746
2000,YR2000,Bosnia and Herzegovina,BIH,29.0208771823771
2000,YR2000,Botswana,BWA,..
2000,YR2000,Brazil,BRA,23.6412025308101
2000,YR2000,British Virgin Islands,VGB,..
2000,YR2000,Brunei Darussalam,BRN,-725.653941676014
2000,YR2000,Bulgaria,BGR,46.8649530070362
2000,YR2000,Burkina Faso,BFA,..
2000,YR2000,Burundi,BDI,..
2000,YR2000,Cabo Verde,CPV,..
2000,YR2000,Cambodia,KHM,..
2000,YR2000,Cameroon,CMR,-75.2311210404774
2000,YR2000,Canada,CAN,-50.5895192332625
2000,YR2000,Caribbean small states,CSS,-81.4851589923018
2000,YR2000,Cayman Islands,CYM,..
2000,YR2000,Central African Republic,CAF,..
2000,YR2000,Central Europe and the Baltics,CEB,29.6833256091016
2000,YR2000,Chad,TCD,3.19434284320898
2000,YR2000,Channel Islands,CHI,..
2000,YR2000,Chile,CHL,70.4940449473389
2000,YR2000,China,CHN,2.45807505926914
2000,YR2000,Colombia,COL,-183.116628744126
2000,YR2000,Comoros,COM,..
2000,YR2000,"Congo, Dem. Rep.",COD,-6.76279475502623
2000,YR2000,"Congo, Rep.",COG,-1931.32934775307
2000,YR2000,Costa Rica,CRI,61.4181343661949
2000,YR2000,Cote d'Ivoire,CIV,14.6003397472646
2000,YR2000,Croatia,HRV,48.8903905779736
2000,YR2000,Cuba,CUB,..
2000,YR2000,Curacao,CUW,197.303854875284
2000,YR2000,Cyprus,CYP,..
2000,YR2000,Czechia,CZE,22.7798633013614
2000,YR2000,Denmark,DNK,-40.0504559356197
2000,YR2000,Djibouti,DJI,..
2000,YR2000,Dominica,DMA,..
2000,YR2000,Dominican Republic,DOM,..
2000,YR2000,Early-demographic dividend,EAR,-56.8821950620689
2000,YR2000,East Asia & Pacific,EAS,22.8522579297649
2000,YR2000,East Asia & Pacific (excluding high income),EAP,-2.67659513099831
2000,YR2000,East Asia & Pacific (IDA & IBRD countries),TEA,-2.77831936754184
2000,YR2000,Ecuador,ECU,-169.134794741759
2000,YR2000,"Egypt, Arab Rep.",EGY,-23.171586326496
2000,YR2000,El Salvador,SLV,59.8729545913672
2000,YR2000,Equatorial Guinea,GNQ,-2382.88770053476
2000,YR2000,Eritrea,ERI,..
2000,YR2000,Estonia,EST,34.7493103186454
2000,YR2000,Eswatini,SWZ,14.5786791837145
2000,YR2000,Ethiopia,ETH,..
2000,YR2000,Euro area,EMU,66.8240537580726
2000,YR2000,Europe & Central Asia,ECS,12.4066439633317
2000,YR2000,Europe & Central Asia (excluding high income),ECA,14.4083066638794
2000,YR2000,Europe & Central Asia (IDA & IBRD countries),TEC,-23.1486210814957
2000,YR2000,European Union,EUU,58.6781412536638
2000,YR2000,Faroe Islands,FRO,..
2000,YR2000,Fiji,FJI,..
2000,YR2000,Finland,FIN,57.1165938693955
2000,YR2000,France,FRA,52.6597179220674
2000,YR2000,French Polynesia,PYF,..
2000,YR2000,Gabon,GAB,-917.466709970773
2000,YR2000,"Gambia, The",GMB,..
2000,YR2000,Georgia,GEO,54.3200319632421
2000,YR2000,Germany,DEU,61.1039580456091
2000,YR2000,Ghana,GHA,31.9734030100965
2000,YR2000,Gibraltar,GIB,..
2000,YR2000,Greece,GRC,80.223883880255
2000,YR2000,Greenland,GRL,..
2000,YR2000,Grenada,GRD,..
2000,YR2000,Guam,GUM,..
2000,YR2000,Guatemala,GTM,26.8665325240579
2000,YR2000,Guinea,GIN,..
2000,YR2000,Guinea-Bissau,GNB,..
2000,YR2000,Guyana,GUY,..
2000,YR2000,Haiti,HTI,..
2000,YR2000,Heavily indebted poor countries (HIPC),HPC,..
2000,YR2000,High income,HIC,11.7376476892792
2000,YR2000,Honduras,HND,50.2948690399446
2000,YR2000,"Hong Kong SAR, China",HKG,140.762477214713
2000,YR2000,Hungary,HUN,55.4770550958581
2000,YR2000,IBRD only,IBD,-24.3006174968797
2000,YR2000,Iceland,ISL,..
2000,YR2000,IDA & IBRD total,IBT,-25.615870347521
2000,YR2000,IDA blend,IDB,-60.5745960665311
2000,YR2000,IDA only,IDX,-17.7776993349231
2000,YR2000,IDA total,IDA,-41.1465790394941
2000,YR2000,India,IND,21.8848024647478
2000,YR2000,Indonesia,IDN,-64.2403633124196
2000,YR2000,"Iran, Islamic Rep.",IRN,-105.871870057097
2000,YR2000,Iraq,IRQ,-403.308873311555
2000,YR2000,Ireland,IRL,89.2588125565635
2000,YR2000,Isle of Man,IMN,..
2000,YR2000,Israel,ISR,99.6368804731559
2000,YR2000,Italy,ITA,88.8679040891303
2000,YR2000,Jamaica,JAM,103.328089733944
2000,YR2000,Japan,JPN,82.8158357838335
2000,YR2000,Jordan,JOR,97.9874139742194
2000,YR2000,Kazakhstan,KAZ,-120.092510158044
2000,YR2000,Kenya,KEN,25.6695676324699
2000,YR2000,Kiribati,KIR,..
2000,YR2000,"Korea, Dem. People's Rep.",PRK,4.8903220804644
2000,YR2000,"Korea, Rep.",KOR,88.8626965698761
2000,YR2000,Kosovo,XKX,..
2000,YR2000,Kuwait,KWT,-513.18094649729
2000,YR2000,Kyrgyz Republic,KGZ,40.5560190764603
2000,YR2000,Lao PDR,LAO,2.367512630191
2000,YR2000,Late-demographic dividend,LTE,-24.7569221656307
2000,YR2000,Latin America & Caribbean,LCN,-41.1899633840794
2000,YR2000,Latin America & Caribbean (excluding high income),LAC,-48.6256073474474
2000,YR2000,Latin America & the Caribbean (IDA & IBRD countries),TLA,-41.9014785354258
2000,YR2000,Latvia,LVA,61.533715183207
2000,YR2000,Least developed countries: UN classification,LDC,-49.8983912950878
2000,YR2000,Lebanon,LBN,..
2000,YR2000,Lesotho,LSO,..
2000,YR2000,Liberia,LBR,..
2000,YR2000,Libya,LBY,-378.510315538569
2000,YR2000,Liechtenstein,LIE,..
2000,YR2000,Lithuania,LTU,59.1157356772793
2000,YR2000,Low & middle income,LMY,-22.7504588815243
2000,YR2000,Low income,LIC,-42.9067036506897
2000,YR2000,Lower middle income,LMC,-25.7665460280333
2000,YR2000,Luxembourg,LUX,109.121356801824
2000,YR2000,"Macao SAR, China",MAC,..
2000,YR2000,Madagascar,MDG,15.9066874027994
2000,YR2000,Malawi,MWI,..
2000,YR2000,Malaysia,MYS,-56.7090485953618
2000,YR2000,Maldives,MDV,..
2000,YR2000,Mali,MLI,..
2000,YR2000,Malta,MLT,..
2000,YR2000,Marshall Islands,MHL,..
2000,YR2000,Mauritania,MRT,..
2000,YR2000,Mauritius,MUS,..
2000,YR2000,Mexico,MEX,-47.5873966830153
2000,YR2000,"Micronesia, Fed. Sts.",FSM,..
2000,YR2000,"Middle East, North Africa, Afghanistan & Pakistan",MEA,-201.804862391853
2000,YR2000,"Middle East, North Africa, Afghanistan & Pakistan (excluding high income)",MNA,-124.28247504732
2000,YR2000,"Middle East, North Africa, Afghanistan & Pakistan (IDA & IBRD)",TMN,-124.28247504732
2000,YR2000,Middle income,MIC,-22.1886527525633
2000,YR2000,Moldova,MDA,..
2000,YR2000,Monaco,MCO,..
2000,YR2000,Mongolia,MNG,20.2095609636536
2000,YR2000,Montenegro,MNE,..
2000,YR2000,Morocco,MAR,90.1370991340535
2000,YR2000,Mozambique,MOZ,-0.269455699487043
2000,YR2000,Myanmar,MMR,-20.4567436462115
2000,YR2000,Namibia,NAM,68.6570224399135
2000,YR2000,Naoero,NRU,..
2000,YR2000,Nepal,NPL,12.6530155401345
2000,YR2000,Netherlands,NLD,46.4820493884967
2000,YR2000,New Caledonia,NCL,..
2000,YR2000,New Zealand,NZL,19.54795306562
2000,YR2000,Nicaragua,NIC,46.0536194558223
2000,YR2000,Niger,NER,..
2000,YR2000,Nigeria,NGA,-317.890042751876
2000,YR2000,North America,NAC,18.9566170429909
2000,YR2000,North Macedonia,MKD,41.1601443241744
2000,YR2000,Northern Mariana Islands,MNP,..
2000,YR2000,Norway,NOR,-765.547393682913
2000,YR2000,Not classified,INX,..
2000,YR2000,OECD members,OED,28.6805411458224
2000,YR2000,Oman,OMN,-700.151912279417
2000,YR2000,Other small states,OSS,..
2000,YR2000,Pacific island small states,PSS,..
2000,YR2000,Pakistan,PAK,27.075243964497
2000,YR2000,Palau,PLW,..
2000,YR2000,Panama,PAN,188.803844070381
2000,YR2000,Papua New Guinea,PNG,..
2000,YR2000,Paraguay,PRY,-75.6766456690964
2000,YR2000,Peru,PER,24.960248447205
2000,YR2000,Philippines,PHL,51.7100934098601
2000,YR2000,Poland,POL,10.7816243395491
2000,YR2000,Portugal,PRT,89.6907456772857
2000,YR2000,Post-demographic dividend,PST,32.7361264269775
2000,YR2000,Pre-demographic dividend,PRE,-178.364156438136
2000,YR2000,Puerto Rico (US),PRI,..
2000,YR2000,Qatar,QAT,-461.044772856456
2000,YR2000,Romania,ROU,21.6999585594501
2000,YR2000,Russian Federation,RUS,-56.4420863609392
2000,YR2000,Rwanda,RWA,6.86578715414879
2000,YR2000,Samoa,WSM,..
2000,YR2000,San Marino,SMR,..
2000,YR2000,Sao Tome and Principe,STP,..
2000,YR2000,Saudi Arabia,SAU,-348.213745162547
2000,YR2000,Senegal,SEN,63.7566980737436
2000,YR2000,Serbia,SRB,13.906998567689
2000,YR2000,Seychelles,SYC,..
2000,YR2000,Sierra Leone,SLE,..
2000,YR2000,Singapore,SGP,218.729473537416
2000,YR2000,Sint Maarten (Dutch part),SXM,..
2000,YR2000,Slovak Republic,SVK,65.0047112666577
2000,YR2000,Slovenia,SVN,51.7833418123658
2000,YR2000,Small states,SST,-129.520432152405
2000,YR2000,Solomon Islands,SLB,..
2000,YR2000,"Somalia, Fed. Rep.",SOM,..
2000,YR2000,South Africa,ZAF,-29.5244367454808
2000,YR2000,South Asia,SAS,21.9908171197894
2000,YR2000,South Asia (IDA & IBRD),TSA,21.9908171197894
2000,YR2000,South Sudan,SSD,..
2000,YR2000,Spain,ESP,82.1407322953954
2000,YR2000,Sri Lanka,LKA,45.9375815653082
2000,YR2000,St. Kitts and Nevis,KNA,..
2000,YR2000,St. Lucia,LCA,..
2000,YR2000,St. Martin (French part),MAF,..
2000,YR2000,St. Vincent and the Grenadines,VCT,..
2000,YR2000,Sub-Saharan Africa,SSF,-83.0056795578785
2000,YR2000,Sub-Saharan Africa (excluding high income),SSA,-83.0056795578785
2000,YR2000,Sub-Saharan Africa (IDA & IBRD countries),TSS,-83.0056795578785
2000,YR2000,Sudan,SDN,-49.2328772921099
2000,YR2000,Suriname,SUR,-17.4888419074465
2000,YR2000,Sweden,SWE,40.5018771943793
2000,YR2000,Switzerland,CHE,56.6945528445147
2000,YR2000,Syrian Arab Republic,SYR,-115.269767542544
2000,YR2000,Tajikistan,TJK,41.3030670209098
2000,YR2000,Tanzania,TZA,..
2000,YR2000,Thailand,THA,44.1327960543727
2000,YR2000,Timor-Leste,TLS,..
2000,YR2000,Togo,TGO,..
2000,YR2000,Tonga,TON,..
2000,YR2000,Trinidad and Tobago,TTO,-85.3900749882344
2000,YR2000,Tunisia,TUN,11.1338474060466
2000,YR2000,Turkiye,TUR,66.4118980253342
2000,YR2000,Turkmenistan,TKM,-206.729993051109
2000,YR2000,Turks and Caicos Islands,TCA,..
2000,YR2000,Tuvalu,TUV,..
2000,YR2000,Uganda,UGA,4.90635981001661
2000,YR2000,Ukraine,UKR,43.0716323662971
2000,YR2000,United Arab Emirates,ARE,-362.474926037534
2000,YR2000,United Kingdom,GBR,-18.0990443841151
2000,YR2000,United States,USA,26.6791454298185
2000,YR2000,Upper middle income,UMC,-21.0737525350393
2000,YR2000,Uruguay,URY,74.3455134135059
2000,YR2000,Uzbekistan,UZB,-9.1354616511515
2000,YR2000,Vanuatu,VUT,..
2000,YR2000,"Venezuela, RB",VEN,-270.159444026815
2000,YR2000,Viet Nam,VNM,-33.9882051597439
2000,YR2000,Virgin Islands (U.S.),VIR,..
2000,YR2000,West Bank and Gaza,PSE,..
2000,YR2000,World,WLD,-0.736637185004933
2000,YR2000,"Yemen, Rep.",YEM,-359.593032032122
2000,YR2000,Zambia,ZMB,6.76362733794516
2000,YR2000,Zimbabwe,ZWE,20.977560686583
2001,YR2001,Afghanistan,AFG,..
2001,YR2001,Africa Eastern and Southern,AFE,-37.1822481571691
2001,YR2001,Africa Western and Central,AFW,-226.314131805837
2001,YR2001,Albania,ALB,53.1827729721972
2001,YR2001,Algeria,DZA,-406.355962129963
2001,YR2001,American Samoa,ASM,..
2001,YR2001,Andorra,AND,..
2001,YR2001,Angola,AGO,-487.014261851045
2001,YR2001,Antigua and Barbuda,ATG,..
2001,YR2001,Arab World,ARB,-255.49388522569
2001,YR2001,Argentina,ARG,-44.4626056000365
2001,YR2001,Armenia,ARM,72.5653390486394
2001,YR2001,Aruba,ABW,..
2001,YR2001,Australia,AUS,-126.513619589279
2001,YR2001,Austria,AUT,66.2726634171934
2001,YR2001,Azerbaijan,AZE,-68.8580860014022
2001,YR2001,"Bahamas, The",BHS,..
2001,YR2001,Bahrain,BHR,-97.3832095945173
2001,YR2001,Bangladesh,BGD,21.1038949568699
2001,YR2001,Barbados,BRB,..
2001,YR2001,Belarus,BLR,84.9222121773456
2001,YR2001,Belgium,BEL,89.7609233715587
2001,YR2001,Belize,BLZ,..
2001,YR2001,Benin,BEN,29.8724686268292
2001,YR2001,Bermuda,BMU,..
2001,YR2001,Bhutan,BTN,..
2001,YR2001,Bolivia,BOL,-82.3824401382299
2001,YR2001,Bosnia and Herzegovina,BIH,27.5909719023492
2001,YR2001,Botswana,BWA,..
2001,YR2001,Brazil,BRA,21.0669723351647
2001,YR2001,British Virgin Islands,VGB,..
2001,YR2001,Brunei Darussalam,BRN,-790.409284617215
2001,YR2001,Bulgaria,BGR,46.6754332560199
2001,YR2001,Burkina Faso,BFA,..
2001,YR2001,Burundi,BDI,..
2001,YR2001,Cabo Verde,CPV,..
2001,YR2001,Cambodia,KHM,..
2001,YR2001,Cameroon,CMR,-65.9930557104514
2001,YR2001,Canada,CAN,-51.790604506391
2001,YR2001,Caribbean small states,CSS,-70.7196272739509
2001,YR2001,Cayman Islands,CYM,..
2001,YR2001,Central African Republic,CAF,..
2001,YR2001,Central Europe and the Baltics,CEB,30.092502677567
2001,YR2001,Chad,TCD,3.73818181818182
2001,YR2001,Channel Islands,CHI,..
2001,YR2001,Chile,CHL,67.8365457140534
2001,YR2001,China,CHN,0.0954125824372545
2001,YR2001,Colombia,COL,-176.859451117815
2001,YR2001,Comoros,COM,..
2001,YR2001,"Congo, Dem. Rep.",COD,-7.02604904777018
2001,YR2001,"Congo, Rep.",COG,-1590.59903410625
2001,YR2001,Costa Rica,CRI,65.25215810995
2001,YR2001,Cote d'Ivoire,CIV,11.5900954108444
2001,YR2001,Croatia,HRV,47.1178698082587
2001,YR2001,Cuba,CUB,..
2001,YR2001,Curacao,CUW,193.548245131476
2001,YR2001,Cyprus,CYP,..
2001,YR2001,Czechia,CZE,25.1360999125507
2001,YR2001,Denmark,DNK,-31.5201059825194
2001,YR2001,Djibouti,DJI,..
2001,YR2001,Dominica,DMA,..
2001,YR2001,Dominican Republic,DOM,..
2001,YR2001,Early-demographic dividend,EAR,-55.6611138156586
2001,YR2001,East Asia & Pacific,EAS,20.80710272654
2001,YR2001,East Asia & Pacific (excluding high income),EAP,-4.20887885785134
2001,YR2001,East Asia & Pacific (IDA & IBRD countries),TEA,-4.34449722444462
2001,YR2001,Ecuador,ECU,-155.416309250394
2001,YR2001,"Egypt, Arab Rep.",EGY,-17.8384305035007
2001,YR2001,El Salvador,SLV,56.6540781241192
2001,YR2001,Equatorial Guinea,GNQ,-3300.14726184997
2001,YR2001,Eritrea,ERI,..
2001,YR2001,Estonia,EST,34.4333336529151
2001,YR2001,Eswatini,SWZ,18.5885573778802
2001,YR2001,Ethiopia,ETH,..
2001,YR2001,Euro area,EMU,65.8644107294958
2001,YR2001,Europe & Central Asia,ECS,12.2651292581824
2001,YR2001,Europe & Central Asia (excluding high income),ECA,11.7375888360377
2001,YR2001,Europe & Central Asia (IDA & IBRD countries),TEC,-25.6674757035845
2001,YR2001,European Union,EUU,58.086676863485
2001,YR2001,Faroe Islands,FRO,..
2001,YR2001,Fiji,FJI,..
2001,YR2001,Finland,FIN,56.7675584382917
2001,YR2001,France,FRA,51.6280590905334
2001,YR2001,French Polynesia,PYF,..
2001,YR2001,Gabon,GAB,-794.032131187219
2001,YR2001,"Gambia, The",GMB,..
2001,YR2001,Georgia,GEO,50.4213548393092
2001,YR2001,Germany,DEU,62.5050248519619
2001,YR2001,Ghana,GHA,34.2099590428972
2001,YR2001,Gibraltar,GIB,..
2001,YR2001,Greece,GRC,78.8305966001695
2001,YR2001,Greenland,GRL,..
2001,YR2001,Grenada,GRD,..
2001,YR2001,Guam,GUM,..
2001,YR2001,Guatemala,GTM,29.0420032310177
2001,YR2001,Guinea,GIN,..
2001,YR2001,Guinea-Bissau,GNB,..
2001,YR2001,Guyana,GUY,..
2001,YR2001,Haiti,HTI,..
2001,YR2001,Heavily indebted poor countries (HIPC),HPC,..
2001,YR2001,High income,HIC,12.6707763187648
2001,YR2001,Honduras,HND,53.7682175404935
2001,YR2001,"Hong Kong SAR, China",HKG,149.578854058642
2001,YR2001,Hungary,HUN,53.8254634069883
2001,YR2001,IBRD only,IBD,-24.9852673541815
2001,YR2001,Iceland,ISL,..
2001,YR2001,IDA & IBRD total,IBT,-26.3717815664323
2001,YR2001,IDA blend,IDB,-62.2456108624136
2001,YR2001,IDA only,IDX,-19.2775689681808
2001,YR2001,IDA total,IDA,-42.6022057119068
2001,YR2001,India,IND,21.6071184549194
2001,YR2001,Indonesia,IDN,-63.3523233370869
2001,YR2001,"Iran, Islamic Rep.",IRN,-87.1049629993087
2001,YR2001,Iraq,IRQ,-344.920693760464
2001,YR2001,Ireland,IRL,94.8238092465837
2001,YR2001,Isle of Man,IMN,..
2001,YR2001,Israel,ISR,100.839935619908
2001,YR2001,Italy,ITA,85.4335353165297
2001,YR2001,Jamaica,JAM,99.3945489288946
2001,YR2001,Japan,JPN,81.201679168534
2001,YR2001,Jordan,JOR,101.035262385467
2001,YR2001,Kazakhstan,KAZ,-134.332258503956
2001,YR2001,Kenya,KEN,22.6063088227683
2001,YR2001,Kiribati,KIR,..
2001,YR2001,"Korea, Dem. People's Rep.",PRK,5.85603913562976
2001,YR2001,"Korea, Rep.",KOR,87.8727448945928
2001,YR2001,Kosovo,XKX,..
2001,YR2001,Kuwait,KWT,-462.571287959933
2001,YR2001,Kyrgyz Republic,KGZ,38.1738600476482
2001,YR2001,Lao PDR,LAO,3.35199489759763
2001,YR2001,Late-demographic dividend,LTE,-25.3901948734097
2001,YR2001,Latin America & Caribbean,LCN,-44.2116950612157
2001,YR2001,Latin America & Caribbean (excluding high income),LAC,-51.8771488561003
2001,YR2001,Latin America & the Caribbean (IDA & IBRD countries),TLA,-44.9459980787121
2001,YR2001,Latvia,LVA,62.5084950539906
2001,YR2001,Least developed countries: UN classification,LDC,-45.4173120829037
2001,YR2001,Lebanon,LBN,..
2001,YR2001,Lesotho,LSO,..
2001,YR2001,Liberia,LBR,..
2001,YR2001,Libya,LBY,-351.551168209857
2001,YR2001,Liechtenstein,LIE,..
2001,YR2001,Lithuania,LTU,46.7843806186899
2001,YR2001,Low & middle income,LMY,-23.2668429669702
2001,YR2001,Low income,LIC,-45.2959378317372
2001,YR2001,Lower middle income,LMC,-26.1839925022942
2001,YR2001,Luxembourg,LUX,106.944830155451
2001,YR2001,"Macao SAR, China",MAC,..
2001,YR2001,Madagascar,MDG,15.3131482544026
2001,YR2001,Malawi,MWI,..
2001,YR2001,Malaysia,MYS,-51.9557499366613
2001,YR2001,Maldives,MDV,..
2001,YR2001,Mali,MLI,..
2001,YR2001,Malta,MLT,..
2001,YR2001,Marshall Islands,MHL,..
2001,YR2001,Mauritania,MRT,..
2001,YR2001,Mauritius,MUS,..
2001,YR2001,Mexico,MEX,-47.5796315241706
2001,YR2001,"Micronesia, Fed. Sts.",FSM,..
2001,YR2001,"Middle East, North Africa, Afghanistan & Pakistan",MEA,-178.732778474337
2001,YR2001,"Middle East, North Africa, Afghanistan & Pakistan (excluding high income)",MNA,-109.597596715644
2001,YR2001,"Middle East, North Africa, Afghanistan & Pakistan (IDA & IBRD)",TMN,-109.597596715644
2001,YR2001,Middle income,MIC,-22.643205791084
2001,YR2001,Moldova,MDA,..
2001,YR2001,Monaco,MCO,..
2001,YR2001,Mongolia,MNG,20.0128137330676
2001,YR2001,Montenegro,MNE,..
2001,YR2001,Morocco,MAR,94.8012726402791
2001,YR2001,Mozambique,MOZ,0.928478074436415
2001,YR2001,Myanmar,MMR,-26.1108509512333
2001,YR2001,Namibia,NAM,72.8026180747857
2001,YR2001,Naoero,NRU,..
2001,YR2001,Nepal,NPL,12.8680318122065
2001,YR2001,Netherlands,NLD,42.0092908564595
2001,YR2001,New Caledonia,NCL,..
2001,YR2001,New Zealand,NZL,19.1482306456759
2001,YR2001,Nicaragua,NIC,50.2655717326201
2001,YR2001,Niger,NER,..
2001,YR2001,Nigeria,NGA,-314.401662808062
2001,YR2001,North America,NAC,20.8172157443046
2001,YR2001,North Macedonia,MKD,39.0730441230999
2001,YR2001,Northern Mariana Islands,MNP,..
2001,YR2001,Norway,NOR,-747.388905871229
2001,YR2001,Not classified,INX,..
2001,YR2001,OECD members,OED,29.5090533590832
2001,YR2001,Oman,OMN,-744.488600449349
2001,YR2001,Other small states,OSS,..
2001,YR2001,Pacific island small states,PSS,..
2001,YR2001,Pakistan,PAK,25.1555854534493
2001,YR2001,Palau,PLW,..
2001,YR2001,Panama,PAN,185.457033340058
2001,YR2001,Papua New Guinea,PNG,..
2001,YR2001,Paraguay,PRY,-56.1792897787784
2001,YR2001,Peru,PER,20.5641405510858
2001,YR2001,Philippines,PHL,55.5738084190364
2001,YR2001,Poland,POL,10.5079731950443
2001,YR2001,Portugal,PRT,88.7763442228248
2001,YR2001,Post-demographic dividend,PST,33.7653395769938
2001,YR2001,Pre-demographic dividend,PRE,-170.116579515131
2001,YR2001,Puerto Rico (US),PRI,..
2001,YR2001,Qatar,QAT,-428.99090517088
2001,YR2001,Romania,ROU,26.344289319888
2001,YR2001,Russian Federation,RUS,-59.0796515152006
2001,YR2001,Rwanda,RWA,6.92965341090497
2001,YR2001,Samoa,WSM,..
2001,YR2001,San Marino,SMR,..
2001,YR2001,Sao Tome and Principe,STP,..
2001,YR2001,Saudi Arabia,SAU,-325.783228284745
2001,YR2001,Senegal,SEN,65.8192038333948
2001,YR2001,Serbia,SRB,23.5402358429442
2001,YR2001,Seychelles,SYC,..
2001,YR2001,Sierra Leone,SLE,..
2001,YR2001,Singapore,SGP,208.664572934777
2001,YR2001,Sint Maarten (Dutch part),SXM,..
2001,YR2001,Slovak Republic,SVK,62.2607578676943
2001,YR2001,Slovenia,SVN,48.8455238672026
2001,YR2001,Small states,SST,-120.169247714373
2001,YR2001,Solomon Islands,SLB,..
2001,YR2001,"Somalia, Fed. Rep.",SOM,..
2001,YR2001,South Africa,ZAF,-32.8103171353307
2001,YR2001,South Asia,SAS,21.8267267182673
2001,YR2001,South Asia (IDA & IBRD),TSA,21.8267267182673
2001,YR2001,South Sudan,SSD,..
2001,YR2001,Spain,ESP,80.325031249317
2001,YR2001,Sri Lanka,LKA,44.5341450895572
2001,YR2001,St. Kitts and Nevis,KNA,..
2001,YR2001,St. Lucia,LCA,..
2001,YR2001,St. Martin (French part),MAF,..
2001,YR2001,St. Vincent and the Grenadines,VCT,..
2001,YR2001,Sub-Saharan Africa,SSF,-84.9907283304404
2001,YR2001,Sub-Saharan Africa (excluding high income),SSA,-84.9907283304403
2001,YR2001,Sub-Saharan Africa (IDA & IBRD countries),TSS,-84.9907283304403
2001,YR2001,Sudan,SDN,-55.999111795157
2001,YR2001,Suriname,SUR,-16.2588047345873
2001,YR2001,Sweden,SWE,38.0106007366646
2001,YR2001,Switzerland,CHE,57.876085415359
2001,YR2001,Syrian Arab Republic,SYR,-133.381463032322
2001,YR2001,Tajikistan,TJK,39.4519591390824
2001,YR2001,Tanzania,TZA,..
2001,YR2001,Thailand,THA,46.5617427146413
2001,YR2001,Timor-Leste,TLS,..
2001,YR2001,Togo,TGO,..
2001,YR2001,Tonga,TON,..
2001,YR2001,Trinidad and Tobago,TTO,-73.9614942379677
2001,YR2001,Tunisia,TUN,21.3593976952117
2001,YR2001,Turkiye,TUR,65.3827730782475
2001,YR2001,Turkmenistan,TKM,-273.248307650988
2001,YR2001,Turks and Caicos Islands,TCA,..
2001,YR2001,Tuvalu,TUV,..
2001,YR2001,Uganda,UGA,4.99060028199154
2001,YR2001,Ukraine,UKR,43.282336474547
2001,YR2001,United Arab Emirates,ARE,-237.173477911049
2001,YR2001,United Kingdom,GBR,-10.1110620082427
2001,YR2001,United States,USA,28.9159685414131
2001,YR2001,Upper middle income,UMC,-21.5400571194571
2001,YR2001,Uruguay,URY,67.9603647842861
2001,YR2001,Uzbekistan,UZB,-8.97241210575861
2001,YR2001,Vanuatu,VUT,..
2001,YR2001,"Venezuela, RB",VEN,-304.793764322681
2001,YR2001,Viet Nam,VNM,-35.8794997443859
2001,YR2001,Virgin Islands (U.S.),VIR,..
2001,YR2001,West Bank and Gaza,PSE,..
2001,YR2001,World,WLD,-0.478319002979984
2001,YR2001,"Yemen, Rep.",YEM,-314.783007140848
2001,YR2001,Zambia,ZMB,6.87783893653582
2001,YR2001,Zimbabwe,ZWE,19.5967578146638
2002,YR2002,Afghanistan,AFG,..
2002,YR2002,Africa Eastern and Southern,AFE,-44.1599200057567
2002,YR2002,Africa Western and Central,AFW,-194.647020580554
2002,YR2002,Albania,ALB,54.0254111851842
2002,YR2002,Algeria,DZA,-391.557487590974
2002,YR2002,American Samoa,ASM,..
2002,YR2002,Andorra,AND,..
2002,YR2002,Angola,AGO,-575.454279908967
2002,YR2002,Antigua and Barbuda,ATG,..
2002,YR2002,Arab World,ARB,-228.320130525821
2002,YR2002,Argentina,ARG,-44.6310234240684
2002,YR2002,Armenia,ARM,62.9847896646093
2002,YR2002,Aruba,ABW,..
2002,YR2002,Australia,AUS,-130.62417241528
2002,YR2002,Austria,AUT,69.1809721709656
2002,YR2002,Azerbaijan,AZE,-71.8885831391409
2002,YR2002,"Bahamas, The",BHS,..
2002,YR2002,Bahrain,BHR,-94.1956079035712
2002,YR2002,Bangladesh,BGD,19.7062195987588
2002,YR2002,Barbados,BRB,..
2002,YR2002,Belarus,BLR,84.3405505017411
2002,YR2002,Belgium,BEL,88.5769003632831
2002,YR2002,Belize,BLZ,..
2002,YR2002,Benin,BEN,31.9551055315645
2002,YR2002,Bermuda,BMU,..
2002,YR2002,Bhutan,BTN,..
2002,YR2002,Bolivia,BOL,-73.4901770555421
2002,YR2002,Bosnia and Herzegovina,BIH,24.6964440589766
2002,YR2002,Botswana,BWA,..
2002,YR2002,Brazil,BRA,15.6930656209369
2002,YR2002,British Virgin Islands,VGB,..
2002,YR2002,Brunei Darussalam,BRN,-833.777561321168
2002,YR2002,Bulgaria,BGR,47.4211786188032
2002,YR2002,Burkina Faso,BFA,..
2002,YR2002,Burundi,BDI,..
2002,YR2002,Cabo Verde,CPV,..
2002,YR2002,Cambodia,KHM,..
2002,YR2002,Cameroon,CMR,-65.5343496603403
2002,YR2002,Canada,CAN,-54.7624519827412
2002,YR2002,Caribbean small states,CSS,-84.6970830216907
2002,YR2002,Cayman Islands,CYM,..
2002,YR2002,Central African Republic,CAF,..
2002,YR2002,Central Europe and the Baltics,CEB,31.0255453663748
2002,YR2002,Chad,TCD,4.52008806923462
2002,YR2002,Channel Islands,CHI,..
2002,YR2002,Chile,CHL,69.0840375617552
2002,YR2002,China,CHN,1.55077393655025
2002,YR2002,Colombia,COL,-171.421185151526
2002,YR2002,Comoros,COM,..
2002,YR2002,"Congo, Dem. Rep.",COD,-6.30889098314726
2002,YR2002,"Congo, Rep.",COG,-1524.66108512349
2002,YR2002,Costa Rica,CRI,64.2444906705039
2002,YR2002,Cote d'Ivoire,CIV,9.24325470955743
2002,YR2002,Croatia,HRV,54.9870799655465
2002,YR2002,Cuba,CUB,..
2002,YR2002,Curacao,CUW,195.5414511832
2002,YR2002,Cyprus,CYP,..
2002,YR2002,Czechia,CZE,26.3359451048518
2002,YR2002,Denmark,DNK,-45.9649343225266
2002,YR2002,Djibouti,DJI,..
2002,YR2002,Dominica,DMA,..
2002,YR2002,Dominican Republic,DOM,..
2002,YR2002,Early-demographic dividend,EAR,-50.6537512067374
2002,YR2002,East Asia & Pacific,EAS,21.0840175242932
2002,YR2002,East Asia & Pacific (excluding high income),EAP,-2.86363953312301
2002,YR2002,East Asia & Pacific (IDA & IBRD countries),TEA,-2.9619449839498
2002,YR2002,Ecuador,ECU,-131.047014680555
2002,YR2002,"Egypt, Arab Rep.",EGY,-19.2749309841277
2002,YR2002,El Salvador,SLV,55.9835880293992
2002,YR2002,Equatorial Guinea,GNQ,-2747.50746764023
2002,YR2002,Eritrea,ERI,..
2002,YR2002,Estonia,EST,32.8596857510734
2002,YR2002,Eswatini,SWZ,12.0626684466386
2002,YR2002,Ethiopia,ETH,..
2002,YR2002,Euro area,EMU,66.6099863449042
2002,YR2002,Europe & Central Asia,ECS,10.5822234857671
2002,YR2002,Europe & Central Asia (excluding high income),ECA,11.5969693326311
2002,YR2002,Europe & Central Asia (IDA & IBRD countries),TEC,-28.8597870386507
2002,YR2002,European Union,EUU,58.6265571714633
2002,YR2002,Faroe Islands,FRO,..
2002,YR2002,Fiji,FJI,..
2002,YR2002,Finland,FIN,53.7323945105235
2002,YR2002,France,FRA,51.9902296112764
2002,YR2002,French Polynesia,PYF,..
2002,YR2002,Gabon,GAB,-644.955829835225
2002,YR2002,"Gambia, The",GMB,..
2002,YR2002,Georgia,GEO,47.2417807318952
2002,YR2002,Germany,DEU,61.7994878938763
2002,YR2002,Ghana,GHA,38.8619983309308
2002,YR2002,Gibraltar,GIB,..
2002,YR2002,Greece,GRC,81.0854885329495
2002,YR2002,Greenland,GRL,..
2002,YR2002,Grenada,GRD,..
2002,YR2002,Guam,GUM,..
2002,YR2002,Guatemala,GTM,24.5057906785299
2002,YR2002,Guinea,GIN,..
2002,YR2002,Guinea-Bissau,GNB,..
2002,YR2002,Guyana,GUY,..
2002,YR2002,Haiti,HTI,..
2002,YR2002,Heavily indebted poor countries (HIPC),HPC,..
2002,YR2002,High income,HIC,12.6662059873772
2002,YR2002,Honduras,HND,56.3144475122557
2002,YR2002,"Hong Kong SAR, China",HKG,166.610028910889
2002,YR2002,Hungary,HUN,57.3270695173496
2002,YR2002,IBRD only,IBD,-24.3372735169584
2002,YR2002,Iceland,ISL,..
2002,YR2002,IDA & IBRD total,IBT,-25.4227800919843
2002,YR2002,IDA blend,IDB,-51.8541671659309
2002,YR2002,IDA only,IDX,-22.1291387489744
2002,YR2002,IDA total,IDA,-38.2614543778939
2002,YR2002,India,IND,22.1969266729062
2002,YR2002,Indonesia,IDN,-61.2996884615853
2002,YR2002,"Iran, Islamic Rep.",IRN,-84.6612008055191
2002,YR2002,Iraq,IRQ,-302.205220635501
2002,YR2002,Ireland,IRL,94.3753409801325
2002,YR2002,Isle of Man,IMN,..
2002,YR2002,Israel,ISR,104.468712535306
2002,YR2002,Italy,ITA,87.9148588781137
2002,YR2002,Jamaica,JAM,97.5056228585843
2002,YR2002,Japan,JPN,82.9888784175082
2002,YR2002,Jordan,JOR,..
2002,YR2002,Kazakhstan,KAZ,-129.154332856309
2002,YR2002,Kenya,KEN,19.0989702752234
2002,YR2002,Kiribati,KIR,..
2002,YR2002,"Korea, Dem. People's Rep.",PRK,5.21466214013925
2002,YR2002,"Korea, Rep.",KOR,86.5041194029852
2002,YR2002,Kosovo,XKX,..
2002,YR2002,Kuwait,KWT,-401.256468610374
2002,YR2002,Kyrgyz Republic,KGZ,53.8726282986866
2002,YR2002,Lao PDR,LAO,4.03824692412613
2002,YR2002,Late-demographic dividend,LTE,-24.8048999228178
2002,YR2002,Latin America & Caribbean,LCN,-40.2225418502417
2002,YR2002,Latin America & Caribbean (excluding high income),LAC,-46.9830787190439
2002,YR2002,Latin America & the Caribbean (IDA & IBRD countries),TLA,-40.9083764567761
2002,YR2002,Latvia,LVA,62.1902243693094
2002,YR2002,Least developed countries: UN classification,LDC,-52.9185637133905
2002,YR2002,Lebanon,LBN,..
2002,YR2002,Lesotho,LSO,..
2002,YR2002,Liberia,LBR,..
2002,YR2002,Libya,LBY,-337.416181320609
2002,YR2002,Liechtenstein,LIE,..
2002,YR2002,Lithuania,LTU,41.681439496854
2002,YR2002,Low & middle income,LMY,-21.0450876451209
2002,YR2002,Low income,LIC,-50.4949979341011
2002,YR2002,Lower middle income,LMC,-20.7066772590887
2002,YR2002,Luxembourg,LUX,108.716613822888
2002,YR2002,"Macao SAR, China",MAC,..
2002,YR2002,Madagascar,MDG,11.3818089512975
2002,YR2002,Malawi,MWI,..
2002,YR2002,Malaysia,MYS,-52.4797204932948
2002,YR2002,Maldives,MDV,..
2002,YR2002,Mali,MLI,..
2002,YR2002,Malta,MLT,..
2002,YR2002,Marshall Islands,MHL,..
2002,YR2002,Mauritania,MRT,..
2002,YR2002,Mauritius,MUS,..
2002,YR2002,Mexico,MEX,-49.1968154277202
2002,YR2002,"Micronesia, Fed. Sts.",FSM,..
2002,YR2002,"Middle East, North Africa, Afghanistan & Pakistan",MEA,-161.447645012278
2002,YR2002,"Middle East, North Africa, Afghanistan & Pakistan (excluding high income)",MNA,-107.666833050912
2002,YR2002,"Middle East, North Africa, Afghanistan & Pakistan (IDA & IBRD)",TMN,-107.666833050912
2002,YR2002,Middle income,MIC,-20.2320922693431
2002,YR2002,Moldova,MDA,96.8718902114465
2002,YR2002,Monaco,MCO,..
2002,YR2002,Mongolia,MNG,19.5257157527409
2002,YR2002,Montenegro,MNE,..
2002,YR2002,Morocco,MAR,88.1574659322708
2002,YR2002,Mozambique,MOZ,-0.953834414345669
2002,YR2002,Myanmar,MMR,-28.8072603784148
2002,YR2002,Namibia,NAM,68.9350976685569
2002,YR2002,Naoero,NRU,..
2002,YR2002,Nepal,NPL,10.5864170546877
2002,YR2002,Netherlands,NLD,42.7494399700543
2002,YR2002,New Caledonia,NCL,..
2002,YR2002,New Zealand,NZL,21.6064754548772
2002,YR2002,Nicaragua,NIC,48.4414863071086
2002,YR2002,Niger,NER,..
2002,YR2002,Nigeria,NGA,-261.485161318812
2002,YR2002,North America,NAC,19.6740442498572
2002,YR2002,North Macedonia,MKD,46.7216058366568
2002,YR2002,Northern Mariana Islands,MNP,..
2002,YR2002,Norway,NOR,-837.885456234212
2002,YR2002,Not classified,INX,..
2002,YR2002,OECD members,OED,29.0693210706
2002,YR2002,Oman,OMN,-665.296666460475
2002,YR2002,Other small states,OSS,..
2002,YR2002,Pacific island small states,PSS,..
2002,YR2002,Pakistan,PAK,24.391055188242
2002,YR2002,Palau,PLW,..
2002,YR2002,Panama,PAN,181.946186955934
2002,YR2002,Papua New Guinea,PNG,..
2002,YR2002,Paraguay,PRY,-60.7674428588073
2002,YR2002,Peru,PER,22.7213143566442
2002,YR2002,Philippines,PHL,48.1602512846163
2002,YR2002,Poland,POL,11.4914715396506
2002,YR2002,Portugal,PRT,87.5937686195704
2002,YR2002,Post-demographic dividend,PST,33.2207090277231
2002,YR2002,Pre-demographic dividend,PRE,-153.697652027203
2002,YR2002,Puerto Rico (US),PRI,..
2002,YR2002,Qatar,QAT,-370.537051029118
2002,YR2002,Romania,ROU,24.4432449897371
2002,YR2002,Russian Federation,RUS,-66.1771236725413
2002,YR2002,Rwanda,RWA,8.09367439849966
2002,YR2002,Samoa,WSM,..
2002,YR2002,San Marino,SMR,..
2002,YR2002,Sao Tome and Principe,STP,..
2002,YR2002,Saudi Arabia,SAU,-251.374590953102
2002,YR2002,Senegal,SEN,57.5662100456619
2002,YR2002,Serbia,SRB,26.4643735389661
2002,YR2002,Seychelles,SYC,..
2002,YR2002,Sierra Leone,SLE,..
2002,YR2002,Singapore,SGP,207.59861227614
2002,YR2002,Sint Maarten (Dutch part),SXM,..
2002,YR2002,Slovak Republic,SVK,64.1994984234894
2002,YR2002,Slovenia,SVN,49.6913940876881
2002,YR2002,Small states,SST,-133.0383641141
2002,YR2002,Solomon Islands,SLB,..
2002,YR2002,"Somalia, Fed. Rep.",SOM,..
2002,YR2002,South Africa,ZAF,-36.1697469696271
2002,YR2002,South Asia,SAS,22.3307230782598
2002,YR2002,South Asia (IDA & IBRD),TSA,22.3307230782598
2002,YR2002,South Sudan,SSD,..
2002,YR2002,Spain,ESP,84.2968175535536
2002,YR2002,Sri Lanka,LKA,48.16025450541
2002,YR2002,St. Kitts and Nevis,KNA,..
2002,YR2002,St. Lucia,LCA,..
2002,YR2002,St. Martin (French part),MAF,..
2002,YR2002,St. Vincent and the Grenadines,VCT,..
2002,YR2002,Sub-Saharan Africa,SSF,-83.5537586426787
2002,YR2002,Sub-Saharan Africa (excluding high income),SSA,-83.5537586426787
2002,YR2002,Sub-Saharan Africa (IDA & IBRD countries),TSS,-83.5537586426787
2002,YR2002,Sudan,SDN,-61.3908941056101
2002,YR2002,Suriname,SUR,-48.5196465125569
2002,YR2002,Sweden,SWE,38.3978448691625
2002,YR2002,Switzerland,CHE,58.5210326412354
2002,YR2002,Syrian Arab Republic,SYR,-153.82476084364
2002,YR2002,Tajikistan,TJK,36.2675858661848
2002,YR2002,Tanzania,TZA,..
2002,YR2002,Thailand,THA,46.9962899893864
2002,YR2002,Timor-Leste,TLS,..
2002,YR2002,Togo,TGO,..
2002,YR2002,Tonga,TON,..
2002,YR2002,Trinidad and Tobago,TTO,-86.142229473017
2002,YR2002,Tunisia,TUN,20.1938358843954
2002,YR2002,Turkiye,TUR,68.8098367142749
2002,YR2002,Turkmenistan,TKM,-374.676778228486
2002,YR2002,Turks and Caicos Islands,TCA,..
2002,YR2002,Tuvalu,TUV,..
2002,YR2002,Uganda,UGA,4.82086877557033
2002,YR2002,Ukraine,UKR,43.6308798885512
2002,YR2002,United Arab Emirates,ARE,-227.237770609243
2002,YR2002,United Kingdom,GBR,-12.6309939809473
2002,YR2002,United States,USA,27.8963061327111
2002,YR2002,Upper middle income,UMC,-20.0846316184227
2002,YR2002,Uruguay,URY,54.7758560496691
2002,YR2002,Uzbekistan,UZB,-6.16360063152717
2002,YR2002,Vanuatu,VUT,..
2002,YR2002,"Venezuela, RB",VEN,-208.938472626002
2002,YR2002,Viet Nam,VNM,-32.2772637840966
2002,YR2002,Virgin Islands (U.S.),VIR,..
2002,YR2002,West Bank and Gaza,PSE,..
2002,YR2002,World,WLD,0.0736966330021092
2002,YR2002,"Yemen, Rep.",YEM,-323.256914034142
2002,YR2002,Zambia,ZMB,7.78900912748387
2002,YR2002,Zimbabwe,ZWE,18.5006446018871
2003,YR2003,Afghanistan,AFG,..
2003,YR2003,Africa Eastern and Southern,AFE,-39.2339725049963
2003,YR2003,Africa Western and Central,AFW,-213.336531658963
2003,YR2003,Albania,ALB,51.5567710161061
2003,YR2003,Algeria,DZA,-401.857557008495
2003,YR2003,American Samoa,ASM,..
2003,YR2003,Andorra,AND,..
2003,YR2003,Angola,AGO,-520.181044616697
2003,YR2003,Antigua and Barbuda,ATG,..
2003,YR2003,Arab World,ARB,-236.27926870748
2003,YR2003,Argentina,ARG,-40.163476366035
2003,YR2003,Armenia,ARM,65.8698587202855
2003,YR2003,Aruba,ABW,..
2003,YR2003,Australia,AUS,-125.288697474724
2003,YR2003,Austria,AUT,72.0728608388597
2003,YR2003,Azerbaijan,AZE,-61.7063484269366
2003,YR2003,"Bahamas, The",BHS,..
2003,YR2003,Bahrain,BHR,-88.2314317006482
2003,YR2003,Bangladesh,BGD,19.9285740363967
2003,YR2003,Barbados,BRB,..
2003,YR2003,Belarus,BLR,85.235837610483
2003,YR2003,Belgium,BEL,91.4404517841402
2003,YR2003,Belize,BLZ,..
2003,YR2003,Benin,BEN,34.4706070799294
2003,YR2003,Bermuda,BMU,..
2003,YR2003,Bhutan,BTN,..
2003,YR2003,Bolivia,BOL,-94.1611498477105
2003,YR2003,Bosnia and Herzegovina,BIH,21.053003073114
2003,YR2003,Botswana,BWA,..
2003,YR2003,Brazil,BRA,12.6504339560963
2003,YR2003,British Virgin Islands,VGB,..
2003,YR2003,Brunei Darussalam,BRN,-739.143366476324
2003,YR2003,Bulgaria,BGR,47.4286426431466
2003,YR2003,Burkina Faso,BFA,..
2003,YR2003,Burundi,BDI,..
2003,YR2003,Cabo Verde,CPV,..
2003,YR2003,Cambodia,KHM,..
2003,YR2003,Cameroon,CMR,-57.2679937912037
2003,YR2003,Canada,CAN,-49.269133846543
2003,YR2003,Caribbean small states,CSS,-114.02456397159
2003,YR2003,Cayman Islands,CYM,..
2003,YR2003,Central African Republic,CAF,..
2003,YR2003,Central Europe and the Baltics,CEB,32.0908626581407
2003,YR2003,Chad,TCD,-72.1425619177821
2003,YR2003,Channel Islands,CHI,..
2003,YR2003,Chile,CHL,71.3337721552689
2003,YR2003,China,CHN,2.81787719089625
2003,YR2003,Colombia,COL,-181.333682204549
2003,YR2003,Comoros,COM,..
2003,YR2003,"Congo, Dem. Rep.",COD,-6.3433719369981
2003,YR2003,"Congo, Rep.",COG,-1166.24756999671
2003,YR2003,Costa Rica,CRI,62.669800889006
2003,YR2003,Cote d'Ivoire,CIV,-0.00796210040207579
2003,YR2003,Croatia,HRV,51.1697384177598
2003,YR2003,Cuba,CUB,..
2003,YR2003,Curacao,CUW,200.505844796018
2003,YR2003,Cyprus,CYP,..
2003,YR2003,Czechia,CZE,25.0623374140375
2003,YR2003,Denmark,DNK,-34.23857126224
2003,YR2003,Djibouti,DJI,..
2003,YR2003,Dominica,DMA,..
2003,YR2003,Dominican Republic,DOM,..
2003,YR2003,Early-demographic dividend,EAR,-54.2448884802101
2003,YR2003,East Asia & Pacific,EAS,21.0450957963782
2003,YR2003,East Asia & Pacific (excluding high income),EAP,-1.61271196283902
2003,YR2003,East Asia & Pacific (IDA & IBRD countries),TEA,-1.67312154925459
2003,YR2003,Ecuador,ECU,-123.537760132831
2003,YR2003,"Egypt, Arab Rep.",EGY,-19.3177818006608
2003,YR2003,El Salvador,SLV,57.517017247556
2003,YR2003,Equatorial Guinea,GNQ,-2902.19268277532
2003,YR2003,Eritrea,ERI,..
2003,YR2003,Estonia,EST,30.1426163374306
2003,YR2003,Eswatini,SWZ,9.34605669379733
2003,YR2003,Ethiopia,ETH,..
2003,YR2003,Euro area,EMU,66.7926427656786
2003,YR2003,Europe & Central Asia,ECS,10.4807869974497
2003,YR2003,Europe & Central Asia (excluding high income),ECA,12.0742730560824
2003,YR2003,Europe & Central Asia (IDA & IBRD countries),TEC,-30.968780723646
2003,YR2003,European Union,EUU,59.2811384453938
2003,YR2003,Faroe Islands,FRO,..
2003,YR2003,Fiji,FJI,..
2003,YR2003,Finland,FIN,60.6279756640965
2003,YR2003,France,FRA,51.9019306143333
2003,YR2003,French Polynesia,PYF,..
2003,YR2003,Gabon,GAB,-575.912050902194
2003,YR2003,"Gambia, The",GMB,..
2003,YR2003,Georgia,GEO,49.2787400462594
2003,YR2003,Germany,DEU,62.269879079911
2003,YR2003,Ghana,GHA,39.7283328281781
2003,YR2003,Gibraltar,GIB,..
2003,YR2003,Greece,GRC,76.4057944941676
2003,YR2003,Greenland,GRL,..
2003,YR2003,Grenada,GRD,..
2003,YR2003,Guam,GUM,..
2003,YR2003,Guatemala,GTM,23.9563791488573
2003,YR2003,Guinea,GIN,..
2003,YR2003,Guinea-Bissau,GNB,..
2003,YR2003,Guyana,GUY,..
2003,YR2003,Haiti,HTI,..
2003,YR2003,Heavily indebted poor countries (HIPC),HPC,..
2003,YR2003,High income,HIC,12.6170574599641
2003,YR2003,Honduras,HND,55.4002788495834
2003,YR2003,"Hong Kong SAR, China",HKG,162.64855687606
2003,YR2003,Hungary,HUN,62.5385257113722
2003,YR2003,IBRD only,IBD,-23.3741338514154
2003,YR2003,Iceland,ISL,..
2003,YR2003,IDA & IBRD total,IBT,-24.7158022114247
2003,YR2003,IDA blend,IDB,-61.0975650394448
2003,YR2003,IDA only,IDX,-17.9550872492993
2003,YR2003,IDA total,IDA,-41.2398699723818
2003,YR2003,India,IND,22.3528918245213
2003,YR2003,Indonesia,IDN,-66.008075034348
2003,YR2003,"Iran, Islamic Rep.",IRN,-95.8066005050267
2003,YR2003,Iraq,IRQ,-215.423664187301
2003,YR2003,Ireland,IRL,95.1190324417588
2003,YR2003,Isle of Man,IMN,..
2003,YR2003,Israel,ISR,101.110075417337
2003,YR2003,Italy,ITA,85.3649353296641
2003,YR2003,Jamaica,JAM,101.82856835986
2003,YR2003,Japan,JPN,85.4788968124398
2003,YR2003,Jordan,JOR,100.350883672829
2003,YR2003,Kazakhstan,KAZ,-135.233486190748
2003,YR2003,Kenya,KEN,16.7385761754146
2003,YR2003,Kiribati,KIR,..
2003,YR2003,"Korea, Dem. People's Rep.",PRK,3.80064586294734
2003,YR2003,"Korea, Rep.",KOR,87.342289824528
2003,YR2003,Kosovo,XKX,..
2003,YR2003,Kuwait,KWT,-460.654714815764
2003,YR2003,Kyrgyz Republic,KGZ,49.5988958055432
2003,YR2003,Lao PDR,LAO,6.84393896920432
2003,YR2003,Late-demographic dividend,LTE,-23.6123105024973
2003,YR2003,Latin America & Caribbean,LCN,-41.604147120084
2003,YR2003,Latin America & Caribbean (excluding high income),LAC,-47.6943542286454
2003,YR2003,Latin America & the Caribbean (IDA & IBRD countries),TLA,-42.2468149345605
2003,YR2003,Latvia,LVA,66.6421817699818
2003,YR2003,Least developed countries: UN classification,LDC,-50.8765817123509
2003,YR2003,Lebanon,LBN,..
2003,YR2003,Lesotho,LSO,..
2003,YR2003,Liberia,LBR,..
2003,YR2003,Libya,LBY,-368.641053953165
2003,YR2003,Liechtenstein,LIE,..
2003,YR2003,Lithuania,LTU,43.7080018139091
2003,YR2003,Low & middle income,LMY,-19.4899973819734
2003,YR2003,Low income,LIC,-43.881141167882
2003,YR2003,Lower middle income,LMC,-21.4289440819711
2003,YR2003,Luxembourg,LUX,108.339928769292
2003,YR2003,"Macao SAR, China",MAC,..
2003,YR2003,Madagascar,MDG,11.9312680215483
2003,YR2003,Malawi,MWI,..
2003,YR2003,Malaysia,MYS,-50.4417829656388
2003,YR2003,Maldives,MDV,..
2003,YR2003,Mali,MLI,..
2003,YR2003,Malta,MLT,..
2003,YR2003,Marshall Islands,MHL,..
2003,YR2003,Mauritania,MRT,..
2003,YR2003,Mauritius,MUS,..
2003,YR2003,Mexico,MEX,-51.5888281824382
2003,YR2003,"Micronesia, Fed. Sts.",FSM,..
2003,YR2003,"Middle East, North Africa, Afghanistan & Pakistan",MEA,-167.155974435304
2003,YR2003,"Middle East, North Africa, Afghanistan & Pakistan (excluding high income)",MNA,-101.577630389691
2003,YR2003,"Middle East, North Africa, Afghanistan & Pakistan (IDA & IBRD)",TMN,-101.57763038969
2003,YR2003,Middle income,MIC,-18.8480152560616
2003,YR2003,Moldova,MDA,98.156413463725
2003,YR2003,Monaco,MCO,..
2003,YR2003,Mongolia,MNG,21.5573762506454
2003,YR2003,Montenegro,MNE,..
2003,YR2003,Morocco,MAR,91.4162517780941
2003,YR2003,Mozambique,MOZ,5.28359937530337
2003,YR2003,Myanmar,MMR,-30.9475535993861
2003,YR2003,Namibia,NAM,70.7403977775988
2003,YR2003,Naoero,NRU,..
2003,YR2003,Nepal,NPL,10.9825099353551
2003,YR2003,Netherlands,NLD,46.5188750957607
2003,YR2003,New Caledonia,NCL,..
2003,YR2003,New Zealand,NZL,26.1116462365394
2003,YR2003,Nicaragua,NIC,51.5293434260922
2003,YR2003,Niger,NER,..
2003,YR2003,Nigeria,NGA,-284.289425148183
2003,YR2003,North America,NAC,21.0899917338379
2003,YR2003,North Macedonia,MKD,39.1179643487045
2003,YR2003,Northern Mariana Islands,MNP,..
2003,YR2003,Norway,NOR,-761.191807283728
2003,YR2003,Not classified,INX,..
2003,YR2003,OECD members,OED,30.3924205487883
2003,YR2003,Oman,OMN,-604.858818227936
2003,YR2003,Other small states,OSS,..
2003,YR2003,Pacific island small states,PSS,..
2003,YR2003,Pakistan,PAK,20.7973571927409
2003,YR2003,Palau,PLW,..
2003,YR2003,Panama,PAN,189.553681930693
2003,YR2003,Papua New Guinea,PNG,..
2003,YR2003,Paraguay,PRY,-67.4718244775978
2003,YR2003,Peru,PER,25.6638768244264
2003,YR2003,Philippines,PHL,47.5216491851143
2003,YR2003,Poland,POL,13.3597151479885
2003,YR2003,Portugal,PRT,89.5751312882081
2003,YR2003,Post-demographic dividend,PST,34.9093596616078
2003,YR2003,Pre-demographic dividend,PRE,-144.109856735915
2003,YR2003,Puerto Rico (US),PRI,..
2003,YR2003,Qatar,QAT,..
2003,YR2003,Romania,ROU,25.5753417904759
2003,YR2003,Russian Federation,RUS,-70.9880441566655
2003,YR2003,Rwanda,RWA,7.03001136475243
2003,YR2003,Samoa,WSM,..
2003,YR2003,San Marino,SMR,..
2003,YR2003,Sao Tome and Principe,STP,..
2003,YR2003,Saudi Arabia,SAU,-304.056898022563
2003,YR2003,Senegal,SEN,66.462291334045
2003,YR2003,Serbia,SRB,28.7273661972035
2003,YR2003,Seychelles,SYC,..
2003,YR2003,Sierra Leone,SLE,..
2003,YR2003,Singapore,SGP,189.537024588449
2003,YR2003,Sint Maarten (Dutch part),SXM,..
2003,YR2003,Slovak Republic,SVK,64.6311257471989
2003,YR2003,Slovenia,SVN,52.3979550434148
2003,YR2003,Small states,SST,-146.200624368647
2003,YR2003,Solomon Islands,SLB,..
2003,YR2003,"Somalia, Fed. Rep.",SOM,..
2003,YR2003,South Africa,ZAF,-28.7237571851505
2003,YR2003,South Asia,SAS,22.4030707555431
2003,YR2003,South Asia (IDA & IBRD),TSA,22.4030707555431
2003,YR2003,South Sudan,SSD,..
2003,YR2003,Spain,ESP,82.2260956775872
2003,YR2003,Sri Lanka,LKA,42.5901168548228
2003,YR2003,St. Kitts and Nevis,KNA,..
2003,YR2003,St. Lucia,LCA,..
2003,YR2003,St. Martin (French part),MAF,..
2003,YR2003,St. Vincent and the Grenadines,VCT,..
2003,YR2003,Sub-Saharan Africa,SSF,-83.9455422098374
2003,YR2003,Sub-Saharan Africa (excluding high income),SSA,-83.9455422098374
2003,YR2003,Sub-Saharan Africa (IDA & IBRD countries),TSS,-83.9455422098374
2003,YR2003,Sudan,SDN,-71.9262674909031
2003,YR2003,Suriname,SUR,-32.1544314499085
2003,YR2003,Sweden,SWE,44.9097819511297
2003,YR2003,Switzerland,CHE,57.1442553714071
2003,YR2003,Syrian Arab Republic,SYR,-109.608941611897
2003,YR2003,Tajikistan,TJK,32.56065046383
2003,YR2003,Tanzania,TZA,..
2003,YR2003,Thailand,THA,47.9668949890537
2003,YR2003,Timor-Leste,TLS,..
2003,YR2003,Togo,TGO,..
2003,YR2003,Tonga,TON,..
2003,YR2003,Trinidad and Tobago,TTO,-117.110499741525
2003,YR2003,Tunisia,TUN,24.9047286141397
2003,YR2003,Turkiye,TUR,71.8014634682364
2003,YR2003,Turkmenistan,TKM,-279.511713707768
2003,YR2003,Turks and Caicos Islands,TCA,..
2003,YR2003,Tuvalu,TUV,..
2003,YR2003,Uganda,UGA,4.81174477379971
2003,YR2003,Ukraine,UKR,46.5528104358729
2003,YR2003,United Arab Emirates,ARE,-262.635909408767
2003,YR2003,United Kingdom,GBR,-6.3366661046153
2003,YR2003,United States,USA,29.2685841234767
2003,YR2003,Upper middle income,UMC,-18.0995254892113
2003,YR2003,Uruguay,URY,71.9733616373765
2003,YR2003,Uzbekistan,UZB,-10.3070038028431
2003,YR2003,Vanuatu,VUT,..
2003,YR2003,"Venezuela, RB",VEN,-212.929827668797
2003,YR2003,Viet Nam,VNM,-29.2456635465831
2003,YR2003,Virgin Islands (U.S.),VIR,..
2003,YR2003,West Bank and Gaza,PSE,..
2003,YR2003,World,WLD,0.202954821681555
2003,YR2003,"Yemen, Rep.",YEM,-272.33585134725
2003,YR2003,Zambia,ZMB,8.5956265679768
2003,YR2003,Zimbabwe,ZWE,15.7466396612043
2004,YR2004,Afghanistan,AFG,..
2004,YR2004,Africa Eastern and Southern,AFE,-38.744788776544
2004,YR2004,Africa Western and Central,AFW,-232.22683186163
2004,YR2004,Albania,ALB,48.3698345059957
2004,YR2004,Algeria,DZA,-405.295673912227
2004,YR2004,American Samoa,ASM,..
2004,YR2004,Andorra,AND,..
2004,YR2004,Angola,AGO,-590.353277770867
2004,YR2004,Antigua and Barbuda,ATG,..
2004,YR2004,Arab World,ARB,-255.742896280262
2004,YR2004,Argentina,ARG,-28.0318418904938
2004,YR2004,Armenia,ARM,65.6861739120524
2004,YR2004,Aruba,ABW,..
2004,YR2004,Australia,AUS,-125.872031210017
2004,YR2004,Austria,AUT,72.736023673147
2004,YR2004,Azerbaijan,AZE,-55.1787255183956
2004,YR2004,"Bahamas, The",BHS,..
2004,YR2004,Bahrain,BHR,-80.5343609637639
2004,YR2004,Bangladesh,BGD,17.7920645309499
2004,YR2004,Barbados,BRB,..
2004,YR2004,Belarus,BLR,86.5940781966899
2004,YR2004,Belgium,BEL,91.7686025297236
2004,YR2004,Belize,BLZ,..
2004,YR2004,Benin,BEN,35.0894184206743
2004,YR2004,Bermuda,BMU,..
2004,YR2004,Bhutan,BTN,..
2004,YR2004,Bolivia,BOL,-145.621466124392
2004,YR2004,Bosnia and Herzegovina,BIH,25.5479237749006
2004,YR2004,Botswana,BWA,..
2004,YR2004,Brazil,BRA,14.9871247447829
2004,YR2004,British Virgin Islands,VGB,..
2004,YR2004,Brunei Darussalam,BRN,-793.869891142742
2004,YR2004,Bulgaria,BGR,49.0600986271616
2004,YR2004,Burkina Faso,BFA,..
2004,YR2004,Burundi,BDI,..
2004,YR2004,Cabo Verde,CPV,..
2004,YR2004,Cambodia,KHM,..
2004,YR2004,Cameroon,CMR,-51.6929413622486
2004,YR2004,Canada,CAN,-50.3897944656745
2004,YR2004,Caribbean small states,CSS,-121.734171132509
2004,YR2004,Cayman Islands,CYM,..
2004,YR2004,Central African Republic,CAF,..
2004,YR2004,Central Europe and the Baltics,CEB,33.6510460267043
2004,YR2004,Chad,TCD,-378.634524358961
2004,YR2004,Channel Islands,CHI,..
2004,YR2004,Chile,CHL,75.2968199444253
2004,YR2004,China,CHN,5.80570745907935
2004,YR2004,Colombia,COL,-192.727636672991
2004,YR2004,Comoros,COM,..
2004,YR2004,"Congo, Dem. Rep.",COD,-6.53248682162236
2004,YR2004,"Congo, Rep.",COG,-1135.59947049924
2004,YR2004,Costa Rica,CRI,52.0361711839526
2004,YR2004,Cote d'Ivoire,CIV,-1.7069851052902
2004,YR2004,Croatia,HRV,52.4360059760957
2004,YR2004,Cuba,CUB,..
2004,YR2004,Curacao,CUW,195.847430185688
2004,YR2004,Cyprus,CYP,..
2004,YR2004,Czechia,CZE,25.5575034038039
2004,YR2004,Denmark,DNK,-51.115235015469
2004,YR2004,Djibouti,DJI,..
2004,YR2004,Dominica,DMA,..
2004,YR2004,Dominican Republic,DOM,..
2004,YR2004,Early-demographic dividend,EAR,-54.5019664071539
2004,YR2004,East Asia & Pacific,EAS,22.0696100055954
2004,YR2004,East Asia & Pacific (excluding high income),EAP,1.1744606349756
2004,YR2004,East Asia & Pacific (IDA & IBRD countries),TEA,1.17391091702469
2004,YR2004,Ecuador,ECU,-168.170667953512
2004,YR2004,"Egypt, Arab Rep.",EGY,-11.4646376712171
2004,YR2004,El Salvador,SLV,57.2777629894411
2004,YR2004,Equatorial Guinea,GNQ,-1182.99017071909
2004,YR2004,Eritrea,ERI,34.7897492045027
2004,YR2004,Estonia,EST,31.0892801703109
2004,YR2004,Eswatini,SWZ,5.69756858665971
2004,YR2004,Ethiopia,ETH,..
2004,YR2004,Euro area,EMU,67.0571731342861
2004,YR2004,Europe & Central Asia,ECS,9.57658053941774
2004,YR2004,Europe & Central Asia (excluding high income),ECA,11.002087960031
2004,YR2004,Europe & Central Asia (IDA & IBRD countries),TEC,-35.0320211999361
2004,YR2004,European Union,EUU,59.3565457607201
2004,YR2004,Faroe Islands,FRO,..
2004,YR2004,Fiji,FJI,..
2004,YR2004,Finland,FIN,56.0538113718274
2004,YR2004,France,FRA,52.240225617517
2004,YR2004,French Polynesia,PYF,..
2004,YR2004,Gabon,GAB,-507.734547892123
2004,YR2004,"Gambia, The",GMB,..
2004,YR2004,Georgia,GEO,55.0861069357956
2004,YR2004,Germany,DEU,62.8650670376201
2004,YR2004,Ghana,GHA,38.7387168883876
2004,YR2004,Gibraltar,GIB,..
2004,YR2004,Greece,GRC,82.0243063745665
2004,YR2004,Greenland,GRL,..
2004,YR2004,Grenada,GRD,..
2004,YR2004,Guam,GUM,..
2004,YR2004,Guatemala,GTM,20.0343603928127
2004,YR2004,Guinea,GIN,..
2004,YR2004,Guinea-Bissau,GNB,..
2004,YR2004,Guyana,GUY,..
2004,YR2004,Haiti,HTI,..
2004,YR2004,Heavily indebted poor countries (HIPC),HPC,-30.6913165654387
2004,YR2004,High income,HIC,11.5229491320303
2004,YR2004,Honduras,HND,56.4280542607364
2004,YR2004,"Hong Kong SAR, China",HKG,203.442168593254
2004,YR2004,Hungary,HUN,61.5801011541762
2004,YR2004,IBRD only,IBD,-22.9649769170185
2004,YR2004,Iceland,ISL,..
2004,YR2004,IDA & IBRD total,IBT,-24.4988340115191
2004,YR2004,IDA blend,IDB,-66.2727817629836
2004,YR2004,IDA only,IDX,-17.8517240876992
2004,YR2004,IDA total,IDA,-43.9146750107536
2004,YR2004,India,IND,23.0511620657529
2004,YR2004,Indonesia,IDN,-60.8384444911096
2004,YR2004,"Iran, Islamic Rep.",IRN,-87.4433833619349
2004,YR2004,Iraq,IRQ,-282.713155555713
2004,YR2004,Ireland,IRL,95.6972616089343
2004,YR2004,Isle of Man,IMN,..
2004,YR2004,Israel,ISR,98.4168432565454
2004,YR2004,Italy,ITA,86.7924296664505
2004,YR2004,Jamaica,JAM,99.1713795428899
2004,YR2004,Japan,JPN,83.7746111126745
2004,YR2004,Jordan,JOR,..
2004,YR2004,Kazakhstan,KAZ,-126.097109438445
2004,YR2004,Kenya,KEN,20.363705913855
2004,YR2004,Kiribati,KIR,..
2004,YR2004,"Korea, Dem. People's Rep.",PRK,1.22852728209166
2004,YR2004,"Korea, Rep.",KOR,87.7224900959861
2004,YR2004,Kosovo,XKX,..
2004,YR2004,Kuwait,KWT,-452.24359168448
2004,YR2004,Kyrgyz Republic,KGZ,49.6551011202165
2004,YR2004,Lao PDR,LAO,6.24336432141289
2004,YR2004,Late-demographic dividend,LTE,-24.1383442248167
2004,YR2004,Latin America & Caribbean,LCN,-43.2899114756314
2004,YR2004,Latin America & Caribbean (excluding high income),LAC,-49.7193531606861
2004,YR2004,Latin America & the Caribbean (IDA & IBRD countries),TLA,-43.9391283796398
2004,YR2004,Latvia,LVA,73.3670180423051
2004,YR2004,Least developed countries: UN classification,LDC,-59.0515499275335
2004,YR2004,Lebanon,LBN,..
2004,YR2004,Lesotho,LSO,..
2004,YR2004,Liberia,LBR,..
2004,YR2004,Libya,LBY,-419.067724331988
2004,YR2004,Liechtenstein,LIE,..
2004,YR2004,Lithuania,LTU,46.6146891507517
2004,YR2004,Low & middle income,LMY,-18.4406007455102
2004,YR2004,Low income,LIC,-42.5197506836729
2004,YR2004,Lower middle income,LMC,-24.2704804673485
2004,YR2004,Luxembourg,LUX,107.584742701207
2004,YR2004,"Macao SAR, China",MAC,..
2004,YR2004,Madagascar,MDG,11.6395738328879
2004,YR2004,Malawi,MWI,..
2004,YR2004,Malaysia,MYS,-48.0780497298625
2004,YR2004,Maldives,MDV,..
2004,YR2004,Mali,MLI,..
2004,YR2004,Malta,MLT,..
2004,YR2004,Marshall Islands,MHL,..
2004,YR2004,Mauritania,MRT,..
2004,YR2004,Mauritius,MUS,..
2004,YR2004,Mexico,MEX,-51.3112608792777
2004,YR2004,"Micronesia, Fed. Sts.",FSM,..
2004,YR2004,"Middle East, North Africa, Afghanistan & Pakistan",MEA,-177.531213723807
2004,YR2004,"Middle East, North Africa, Afghanistan & Pakistan (excluding high income)",MNA,-102.032918833399
2004,YR2004,"Middle East, North Africa, Afghanistan & Pakistan (IDA & IBRD)",TMN,-102.032918833399
2004,YR2004,Middle income,MIC,-17.823949975663
2004,YR2004,Moldova,MDA,96.6818477553677
2004,YR2004,Monaco,MCO,..
2004,YR2004,Mongolia,MNG,22.8206824841668
2004,YR2004,Montenegro,MNE,..
2004,YR2004,Morocco,MAR,83.3430739242091
2004,YR2004,Mozambique,MOZ,-7.39111530230221
2004,YR2004,Myanmar,MMR,-36.2935172182514
2004,YR2004,Namibia,NAM,69.0302126072364
2004,YR2004,Naoero,NRU,..
2004,YR2004,Nepal,NPL,10.4242709364134
2004,YR2004,Netherlands,NLD,39.0612669794564
2004,YR2004,New Caledonia,NCL,..
2004,YR2004,New Zealand,NZL,30.5572690332021
2004,YR2004,Nicaragua,NIC,47.838319180239
2004,YR2004,Niger,NER,14.121005360997
2004,YR2004,Nigeria,NGA,-323.223858032852
2004,YR2004,North America,NAC,22.4889168673381
2004,YR2004,North Macedonia,MKD,42.0856270708863
2004,YR2004,Northern Mariana Islands,MNP,..
2004,YR2004,Norway,NOR,-726.180687011941
2004,YR2004,Not classified,INX,..
2004,YR2004,OECD members,OED,31.4403652669119
2004,YR2004,Oman,OMN,-557.407623582557
2004,YR2004,Other small states,OSS,..
2004,YR2004,Pacific island small states,PSS,..
2004,YR2004,Pakistan,PAK,21.0551650169282
2004,YR2004,Palau,PLW,..
2004,YR2004,Panama,PAN,179.177882512997
2004,YR2004,Papua New Guinea,PNG,..
2004,YR2004,Paraguay,PRY,-64.9436638151556
2004,YR2004,Peru,PER,27.5121065894498
2004,YR2004,Philippines,PHL,49.6505002404135
2004,YR2004,Poland,POL,14.7708202836035
2004,YR2004,Portugal,PRT,88.203857004116
2004,YR2004,Post-demographic dividend,PST,36.1540366406253
2004,YR2004,Pre-demographic dividend,PRE,-166.790142839037
2004,YR2004,Puerto Rico (US),PRI,..
2004,YR2004,Qatar,QAT,-403.478441513785
2004,YR2004,Romania,ROU,29.7765838149577
2004,YR2004,Russian Federation,RUS,-79.4316196680477
2004,YR2004,Rwanda,RWA,6.78877123240692
2004,YR2004,Samoa,WSM,..
2004,YR2004,San Marino,SMR,..
2004,YR2004,Sao Tome and Principe,STP,..
2004,YR2004,Saudi Arabia,SAU,-327.812890446441
2004,YR2004,Senegal,SEN,64.284833321587
2004,YR2004,Serbia,SRB,33.5693833590025
2004,YR2004,Seychelles,SYC,..
2004,YR2004,Sierra Leone,SLE,..
2004,YR2004,Singapore,SGP,190.07586273938
2004,YR2004,Sint Maarten (Dutch part),SXM,..
2004,YR2004,Slovak Republic,SVK,67.8716202587327
2004,YR2004,Slovenia,SVN,51.2606533507315
2004,YR2004,Small states,SST,-148.037115161594
2004,YR2004,Solomon Islands,SLB,..
2004,YR2004,"Somalia, Fed. Rep.",SOM,..
2004,YR2004,South Africa,ZAF,-22.9970445505187
2004,YR2004,South Asia,SAS,23.0022614653218
2004,YR2004,South Asia (IDA & IBRD),TSA,23.0022614653218
2004,YR2004,South Sudan,SSD,..
2004,YR2004,Spain,ESP,83.2977969635465
2004,YR2004,Sri Lanka,LKA,46.0597357684405
2004,YR2004,St. Kitts and Nevis,KNA,..
2004,YR2004,St. Lucia,LCA,..
2004,YR2004,St. Martin (French part),MAF,..
2004,YR2004,St. Vincent and the Grenadines,VCT,..
2004,YR2004,Sub-Saharan Africa,SSF,-89.1196507573626
2004,YR2004,Sub-Saharan Africa (excluding high income),SSA,-89.1196507573625
2004,YR2004,Sub-Saharan Africa (IDA & IBRD countries),TSS,-89.1196507573625
2004,YR2004,Sudan,SDN,-82.1178847134398
2004,YR2004,Suriname,SUR,-14.9049982882574
2004,YR2004,Sweden,SWE,38.5714679773194
2004,YR2004,Switzerland,CHE,58.5480119533056
2004,YR2004,Syrian Arab Republic,SYR,-68.4837962483374
2004,YR2004,Tajikistan,TJK,36.6483292583539
2004,YR2004,Tanzania,TZA,..
2004,YR2004,Thailand,THA,50.592533714573
2004,YR2004,Timor-Leste,TLS,..
2004,YR2004,Togo,TGO,..
2004,YR2004,Tonga,TON,..
2004,YR2004,Trinidad and Tobago,TTO,-126.052808671929
2004,YR2004,Tunisia,TUN,23.5584113600062
2004,YR2004,Turkiye,TUR,71.9972658232343
2004,YR2004,Turkmenistan,TKM,-215.214332675018
2004,YR2004,Turks and Caicos Islands,TCA,..
2004,YR2004,Tuvalu,TUV,..
2004,YR2004,Uganda,UGA,4.80810577153745
2004,YR2004,Ukraine,UKR,45.3272945319252
2004,YR2004,United Arab Emirates,ARE,-282.902083582046
2004,YR2004,United Kingdom,GBR,4.77464566238933
2004,YR2004,United States,USA,30.9353501432903
2004,YR2004,Upper middle income,UMC,-16.0362893719147
2004,YR2004,Uruguay,URY,85.5310858467532
2004,YR2004,Uzbekistan,UZB,-14.3365959186156
2004,YR2004,Vanuatu,VUT,..
2004,YR2004,"Venezuela, RB",VEN,-257.811439718686
2004,YR2004,Viet Nam,VNM,-41.123530683475
2004,YR2004,Virgin Islands (U.S.),VIR,..
2004,YR2004,West Bank and Gaza,PSE,..
2004,YR2004,World,WLD,-0.493324839743118
2004,YR2004,"Yemen, Rep.",YEM,-214.690524559519
2004,YR2004,Zambia,ZMB,9.32511322736744
2004,YR2004,Zimbabwe,ZWE,12.4684012312772
2005,YR2005,Afghanistan,AFG,..
2005,YR2005,Africa Eastern and Southern,AFE,-47.428016512091
2005,YR2005,Africa Western and Central,AFW,-215.149913760596
2005,YR2005,Albania,ALB,50.5736000967914
2005,YR2005,Algeria,DZA,-412.442985945372
2005,YR2005,American Samoa,ASM,..
2005,YR2005,Andorra,AND,..
2005,YR2005,Angola,AGO,-812.883915448714
2005,YR2005,Antigua and Barbuda,ATG,..
2005,YR2005,Arab World,ARB,-231.845370559746
2005,YR2005,Argentina,ARG,-24.0369585420304
2005,YR2005,Armenia,ARM,67.2370359807973
2005,YR2005,Aruba,ABW,..
2005,YR2005,Australia,AUS,-131.07466643319
2005,YR2005,Austria,AUT,73.3959540550781
2005,YR2005,Azerbaijan,AZE,-93.9516932270916
2005,YR2005,"Bahamas, The",BHS,..
2005,YR2005,Bahrain,BHR,-60.6273168717627
2005,YR2005,Bangladesh,BGD,17.9095538204646
2005,YR2005,Barbados,BRB,..
2005,YR2005,Belarus,BLR,85.39602242083
2005,YR2005,Belgium,BEL,91.8732672616677
2005,YR2005,Belize,BLZ,..
2005,YR2005,Benin,BEN,35.8470373520107
2005,YR2005,Bermuda,BMU,..
2005,YR2005,Bhutan,BTN,..
2005,YR2005,Bolivia,BOL,-163.59352729856
2005,YR2005,Bosnia and Herzegovina,BIH,27.4686633651637
2005,YR2005,Botswana,BWA,..
2005,YR2005,Brazil,BRA,11.7093919059105
2005,YR2005,British Virgin Islands,VGB,..
2005,YR2005,Brunei Darussalam,BRN,-839.545224534621
2005,YR2005,Bulgaria,BGR,48.0800794747752
2005,YR2005,Burkina Faso,BFA,..
2005,YR2005,Burundi,BDI,..
2005,YR2005,Cabo Verde,CPV,..
2005,YR2005,Cambodia,KHM,..
2005,YR2005,Cameroon,CMR,-48.4537495838148
2005,YR2005,Canada,CAN,-47.9771008445754
2005,YR2005,Caribbean small states,CSS,-105.939260452733
2005,YR2005,Cayman Islands,CYM,..
2005,YR2005,Central African Republic,CAF,..
2005,YR2005,Central Europe and the Baltics,CEB,35.1449181945539
2005,YR2005,Chad,TCD,-370.79361224118
2005,YR2005,Channel Islands,CHI,..
2005,YR2005,Chile,CHL,72.2462472171982
2005,YR2005,China,CHN,5.60861584629628
2005,YR2005,Colombia,COL,-189.661059210601
2005,YR2005,Comoros,COM,..
2005,YR2005,"Congo, Dem. Rep.",COD,-4.96245599808593
2005,YR2005,"Congo, Rep.",COG,-1152.23128862692
2005,YR2005,Costa Rica,CRI,54.9568327577702
2005,YR2005,Cote d'Ivoire,CIV,-7.29262097885424
2005,YR2005,Croatia,HRV,53.2563583992156
2005,YR2005,Cuba,CUB,..
2005,YR2005,Curacao,CUW,200.96229081269
2005,YR2005,Cyprus,CYP,..
2005,YR2005,Czechia,CZE,28.103739589013
2005,YR2005,Denmark,DNK,-55.2166109956661
2005,YR2005,Djibouti,DJI,..
2005,YR2005,Dominica,DMA,..
2005,YR2005,Dominican Republic,DOM,..
2005,YR2005,Early-demographic dividend,EAR,-54.188709849215
2005,YR2005,East Asia & Pacific,EAS,19.5559765109119
2005,YR2005,East Asia & Pacific (excluding high income),EAP,0.470766040650091
2005,YR2005,East Asia & Pacific (IDA & IBRD countries),TEA,0.507413301969002
2005,YR2005,Ecuador,ECU,-149.129257722832
2005,YR2005,"Egypt, Arab Rep.",EGY,-22.4873418367752
2005,YR2005,El Salvador,SLV,54.2296669631386
2005,YR2005,Equatorial Guinea,GNQ,-1124.47455512623
2005,YR2005,Eritrea,ERI,..
2005,YR2005,Estonia,EST,27.8264152931568
2005,YR2005,Eswatini,SWZ,8.77401057109704
2005,YR2005,Ethiopia,ETH,..
2005,YR2005,Euro area,EMU,68.0355420130449
2005,YR2005,Europe & Central Asia,ECS,9.8421908019009
2005,YR2005,Europe & Central Asia (excluding high income),ECA,7.4332559116949
2005,YR2005,Europe & Central Asia (IDA & IBRD countries),TEC,-37.8824752267588
2005,YR2005,European Union,EUU,60.4311249961368
2005,YR2005,Faroe Islands,FRO,..
2005,YR2005,Fiji,FJI,..
2005,YR2005,Finland,FIN,55.8524210137407
2005,YR2005,France,FRA,53.0679404506124
2005,YR2005,French Polynesia,PYF,..
2005,YR2005,Gabon,GAB,-423.226902922245
2005,YR2005,"Gambia, The",GMB,..
2005,YR2005,Georgia,GEO,66.8146429232036
2005,YR2005,Germany,DEU,62.530571039464
2005,YR2005,Ghana,GHA,40.3222333713849
2005,YR2005,Gibraltar,GIB,..
2005,YR2005,Greece,GRC,76.3429277475754
2005,YR2005,Greenland,GRL,..
2005,YR2005,Grenada,GRD,..
2005,YR2005,Guam,GUM,..
2005,YR2005,Guatemala,GTM,31.6683478967157
2005,YR2005,Guinea,GIN,..
2005,YR2005,Guinea-Bissau,GNB,..
2005,YR2005,Guyana,GUY,..
2005,YR2005,Haiti,HTI,..
2005,YR2005,Heavily indebted poor countries (HIPC),HPC,-33.2328385308447
2005,YR2005,High income,HIC,13.0398585629206
2005,YR2005,Honduras,HND,53.246040126716
2005,YR2005,"Hong Kong SAR, China",HKG,182.173158594292
2005,YR2005,Hungary,HUN,62.8757698028675
2005,YR2005,IBRD only,IBD,-23.1735411779099
2005,YR2005,Iceland,ISL,..
2005,YR2005,IDA & IBRD total,IBT,-24.4952263807968
2005,YR2005,IDA blend,IDB,-64.4774326623408
2005,YR2005,IDA only,IDX,-15.2320032471774
2005,YR2005,IDA total,IDA,-41.5645237585913
2005,YR2005,India,IND,24.7403711279846
2005,YR2005,Indonesia,IDN,-67.8765492820002
2005,YR2005,"Iran, Islamic Rep.",IRN,-80.2166905382203
2005,YR2005,Iraq,IRQ,-258.770671926746
2005,YR2005,Ireland,IRL,94.9645108412312
2005,YR2005,Isle of Man,IMN,..
2005,YR2005,Israel,ISR,96.6341348469394
2005,YR2005,Italy,ITA,85.7235768898601
2005,YR2005,Jamaica,JAM,..
2005,YR2005,Japan,JPN,83.4649315674778
2005,YR2005,Jordan,JOR,104.687410566081
2005,YR2005,Kazakhstan,KAZ,-134.005470542205
2005,YR2005,Kenya,KEN,20.1267908098726
2005,YR2005,Kiribati,KIR,..
2005,YR2005,"Korea, Dem. People's Rep.",PRK,-3.30396993582142
2005,YR2005,"Korea, Rep.",KOR,83.4372030897407
2005,YR2005,Kosovo,XKX,..
2005,YR2005,Kuwait,KWT,..
2005,YR2005,Kyrgyz Republic,KGZ,53.8600024127913
2005,YR2005,Lao PDR,LAO,6.42724721916027
2005,YR2005,Late-demographic dividend,LTE,-21.1588324542043
2005,YR2005,Latin America & Caribbean,LCN,-43.5361880048173
2005,YR2005,Latin America & Caribbean (excluding high income),LAC,-49.9564957990054
2005,YR2005,Latin America & the Caribbean (IDA & IBRD countries),TLA,-44.1432803808259
2005,YR2005,Latvia,LVA,68.4417605020965
2005,YR2005,Least developed countries: UN classification,LDC,-69.6850244427224
2005,YR2005,Lebanon,LBN,..
2005,YR2005,Lesotho,LSO,..
2005,YR2005,Liberia,LBR,..
2005,YR2005,Libya,LBY,-436.827798673985
2005,YR2005,Liechtenstein,LIE,..
2005,YR2005,Lithuania,LTU,57.1071761517035
2005,YR2005,Low & middle income,LMY,-18.3547782306087
2005,YR2005,Low income,LIC,-36.9370244384011
2005,YR2005,Lower middle income,LMC,-25.6257473215838
2005,YR2005,Luxembourg,LUX,106.972502041927
2005,YR2005,"Macao SAR, China",MAC,..
2005,YR2005,Madagascar,MDG,12.6230917975255
2005,YR2005,Malawi,MWI,..
2005,YR2005,Malaysia,MYS,-43.7782101911016
2005,YR2005,Maldives,MDV,..
2005,YR2005,Mali,MLI,..
2005,YR2005,Malta,MLT,..
2005,YR2005,Marshall Islands,MHL,..
2005,YR2005,Mauritania,MRT,..
2005,YR2005,Mauritius,MUS,..
2005,YR2005,Mexico,MEX,-43.7718551674863
2005,YR2005,"Micronesia, Fed. Sts.",FSM,..
2005,YR2005,"Middle East, North Africa, Afghanistan & Pakistan",MEA,-159.465953329321
2005,YR2005,"Middle East, North Africa, Afghanistan & Pakistan (excluding high income)",MNA,-93.5833388361575
2005,YR2005,"Middle East, North Africa, Afghanistan & Pakistan (IDA & IBRD)",TMN,-93.5833388361575
2005,YR2005,Middle income,MIC,-17.8823793249154
2005,YR2005,Moldova,MDA,97.0851805154484
2005,YR2005,Monaco,MCO,..
2005,YR2005,Mongolia,MNG,-29.7022014043864
2005,YR2005,Montenegro,MNE,42.6924515947994
2005,YR2005,Morocco,MAR,86.8192698739848
2005,YR2005,Mozambique,MOZ,-18.0291798872155
2005,YR2005,Myanmar,MMR,-49.4719236595263
2005,YR2005,Namibia,NAM,69.1259617878445
2005,YR2005,Naoero,NRU,..
2005,YR2005,Nepal,NPL,11.4322251977071
2005,YR2005,Netherlands,NLD,46.5427414572268
2005,YR2005,New Caledonia,NCL,..
2005,YR2005,New Zealand,NZL,29.2052993280824
2005,YR2005,Nicaragua,NIC,47.7994664860061
2005,YR2005,Niger,NER,13.254439500186
2005,YR2005,Nigeria,NGA,-288.280959707659
2005,YR2005,North America,NAC,23.4429671679983
2005,YR2005,North Macedonia,MKD,42.9065432048181
2005,YR2005,Northern Mariana Islands,MNP,..
2005,YR2005,Norway,NOR,-689.307589499196
2005,YR2005,Not classified,INX,..
2005,YR2005,OECD members,OED,32.5016215220969
2005,YR2005,Oman,OMN,-498.395599523908
2005,YR2005,Other small states,OSS,..
2005,YR2005,Pacific island small states,PSS,..
2005,YR2005,Pakistan,PAK,20.489384666251
2005,YR2005,Palau,PLW,..
2005,YR2005,Panama,PAN,165.928804146931
2005,YR2005,Papua New Guinea,PNG,..
2005,YR2005,Paraguay,PRY,-66.2513931142504
2005,YR2005,Peru,PER,20.8270479544734
2005,YR2005,Philippines,PHL,44.7578925014601
2005,YR2005,Poland,POL,17.8139503054584
2005,YR2005,Portugal,PRT,92.7274778840949
2005,YR2005,Post-demographic dividend,PST,36.8849170258653
2005,YR2005,Pre-demographic dividend,PRE,-165.070593299778
2005,YR2005,Puerto Rico (US),PRI,..
2005,YR2005,Qatar,QAT,-433.201721460375
2005,YR2005,Romania,ROU,27.5435545358736
2005,YR2005,Russian Federation,RUS,-82.7505507849001
2005,YR2005,Rwanda,RWA,7.77493950993686
2005,YR2005,Samoa,WSM,..
2005,YR2005,San Marino,SMR,..
2005,YR2005,Sao Tome and Principe,STP,..
2005,YR2005,Saudi Arabia,SAU,-327.78579329972
2005,YR2005,Senegal,SEN,71.0295449644166
2005,YR2005,Serbia,SRB,36.6830311471939
2005,YR2005,Seychelles,SYC,..
2005,YR2005,Sierra Leone,SLE,..
2005,YR2005,Singapore,SGP,236.275469317464
2005,YR2005,Sint Maarten (Dutch part),SXM,..
2005,YR2005,Slovak Republic,SVK,65.5579585598042
2005,YR2005,Slovenia,SVN,50.862334218348
2005,YR2005,Small states,SST,-130.31209402919
2005,YR2005,Solomon Islands,SLB,..
2005,YR2005,"Somalia, Fed. Rep.",SOM,..
2005,YR2005,South Africa,ZAF,-26.2144747117144
2005,YR2005,South Asia,SAS,24.5962310082304
2005,YR2005,South Asia (IDA & IBRD),TSA,24.5962310082304
2005,YR2005,South Sudan,SSD,..
2005,YR2005,Spain,ESP,87.688527549989
2005,YR2005,Sri Lanka,LKA,47.2704405185818
2005,YR2005,St. Kitts and Nevis,KNA,..
2005,YR2005,St. Lucia,LCA,..
2005,YR2005,St. Martin (French part),MAF,..
2005,YR2005,St. Vincent and the Grenadines,VCT,..
2005,YR2005,Sub-Saharan Africa,SSF,-93.4760669748444
2005,YR2005,Sub-Saharan Africa (excluding high income),SSA,-93.4760669748445
2005,YR2005,Sub-Saharan Africa (IDA & IBRD countries),TSS,-93.4760669748444
2005,YR2005,Sudan,SDN,-77.1033476146435
2005,YR2005,Suriname,SUR,-4.02644455234744
2005,YR2005,Sweden,SWE,39.4564038962862
2005,YR2005,Switzerland,CHE,63.0555300995931
2005,YR2005,Syrian Arab Republic,SYR,-33.804203257766
2005,YR2005,Tajikistan,TJK,34.4248239256914
2005,YR2005,Tanzania,TZA,..
2005,YR2005,Thailand,THA,48.0652759811039
2005,YR2005,Timor-Leste,TLS,..
2005,YR2005,Togo,TGO,..
2005,YR2005,Tonga,TON,..
2005,YR2005,Trinidad and Tobago,TTO,-109.991519772593
2005,YR2005,Tunisia,TUN,21.2480683835315
2005,YR2005,Turkiye,TUR,73.6048165950947
2005,YR2005,Turkmenistan,TKM,-240.600934746004
2005,YR2005,Turks and Caicos Islands,TCA,..
2005,YR2005,Tuvalu,TUV,..
2005,YR2005,Uganda,UGA,5.79200850011323
2005,YR2005,Ukraine,UKR,42.3524330847312
2005,YR2005,United Arab Emirates,ARE,-271.877260330466
2005,YR2005,United Kingdom,GBR,14.1924448862014
2005,YR2005,United States,USA,31.7584924866635
2005,YR2005,Upper middle income,UMC,-15.7855589974685
2005,YR2005,Uruguay,URY,73.3928585588659
2005,YR2005,Uzbekistan,UZB,-19.5328707366237
2005,YR2005,Vanuatu,VUT,..
2005,YR2005,"Venezuela, RB",VEN,-261.532717589311
2005,YR2005,Viet Nam,VNM,-41.5631995095119
2005,YR2005,Virgin Islands (U.S.),VIR,..
2005,YR2005,West Bank and Gaza,PSE,..
2005,YR2005,World,WLD,0.00430877281633018
2005,YR2005,"Yemen, Rep.",YEM,-191.644608500794
2005,YR2005,Zambia,ZMB,9.38839960708454
2005,YR2005,Zimbabwe,ZWE,14.2989475029147
2006,YR2006,Afghanistan,AFG,..
2006,YR2006,Africa Eastern and Southern,AFE,-50.0435202567054
2006,YR2006,Africa Western and Central,AFW,-217.832250612417
2006,YR2006,Albania,ALB,41.2400076668958
2006,YR2006,Algeria,DZA,-373.289325966364
2006,YR2006,American Samoa,ASM,..
2006,YR2006,Andorra,AND,..
2006,YR2006,Angola,AGO,-818.589834028409
2006,YR2006,Antigua and Barbuda,ATG,..
2006,YR2006,Arab World,ARB,-216.730025930629
2006,YR2006,Argentina,ARG,-18.716216878307
2006,YR2006,Armenia,ARM,68.0247916141616
2006,YR2006,Aruba,ABW,..
2006,YR2006,Australia,AUS,-123.806910241922
2006,YR2006,Austria,AUT,73.7930481260843
2006,YR2006,Azerbaijan,AZE,-182.88922536622
2006,YR2006,"Bahamas, The",BHS,..
2006,YR2006,Bahrain,BHR,-60.1153040957645
2006,YR2006,Bangladesh,BGD,16.1103486776302
2006,YR2006,Barbados,BRB,..
2006,YR2006,Belarus,BLR,86.2245205090045
2006,YR2006,Belgium,BEL,92.466113707913
2006,YR2006,Belize,BLZ,..
2006,YR2006,Benin,BEN,39.1079006187038
2006,YR2006,Bermuda,BMU,..
2006,YR2006,Bhutan,BTN,..
2006,YR2006,Bolivia,BOL,-171.323973996284
2006,YR2006,Bosnia and Herzegovina,BIH,26.3576755818932
2006,YR2006,Botswana,BWA,..
2006,YR2006,Brazil,BRA,9.42487441775699
2006,YR2006,British Virgin Islands,VGB,..
2006,YR2006,Brunei Darussalam,BRN,-604.86444710482
2006,YR2006,Bulgaria,BGR,46.8648591333487
2006,YR2006,Burkina Faso,BFA,..
2006,YR2006,Burundi,BDI,..
2006,YR2006,Cabo Verde,CPV,..
2006,YR2006,Cambodia,KHM,..
2006,YR2006,Cameroon,CMR,-51.0246567982921
2006,YR2006,Canada,CAN,-50.4287607209759
2006,YR2006,Caribbean small states,CSS,-116.99377113457
2006,YR2006,Cayman Islands,CYM,..
2006,YR2006,Central African Republic,CAF,..
2006,YR2006,Central Europe and the Baltics,CEB,35.7122946362961
2006,YR2006,Chad,TCD,-325.092118628876
2006,YR2006,Channel Islands,CHI,..
2006,YR2006,Chile,CHL,72.9339608447136
2006,YR2006,China,CHN,6.95939640874444
2006,YR2006,Colombia,COL,-198.79932817786
2006,YR2006,Comoros,COM,..
2006,YR2006,"Congo, Dem. Rep.",COD,-4.11279791730509
2006,YR2006,"Congo, Rep.",COG,-998.366975875013
2006,YR2006,Costa Rica,CRI,54.4819722720156
2006,YR2006,Cote d'Ivoire,CIV,-24.056513264863
2006,YR2006,Croatia,HRV,49.7797139609822
2006,YR2006,Cuba,CUB,49.7923691454491
2006,YR2006,Curacao,CUW,204.846387878066
2006,YR2006,Cyprus,CYP,..
2006,YR2006,Czechia,CZE,27.666133997312
2006,YR2006,Denmark,DNK,-38.9578084863558
2006,YR2006,Djibouti,DJI,..
2006,YR2006,Dominica,DMA,..
2006,YR2006,Dominican Republic,DOM,..
2006,YR2006,Early-demographic dividend,EAR,-50.1701760069043
2006,YR2006,East Asia & Pacific,EAS,19.049564959543
2006,YR2006,East Asia & Pacific (excluding high income),EAP,0.624267090297192
2006,YR2006,East Asia & Pacific (IDA & IBRD countries),TEA,0.660006020760845
2006,YR2006,Ecuador,ECU,-153.094018523551
2006,YR2006,"Egypt, Arab Rep.",EGY,-20.9366266869949
2006,YR2006,El Salvador,SLV,53.5021664079333
2006,YR2006,Equatorial Guinea,GNQ,-1313.0501725511
2006,YR2006,Eritrea,ERI,..
2006,YR2006,Estonia,EST,31.5952074287509
2006,YR2006,Eswatini,SWZ,10.8874321217161
2006,YR2006,Ethiopia,ETH,..
2006,YR2006,Euro area,EMU,68.5695890420365
2006,YR2006,Europe & Central Asia,ECS,11.0913866345141
2006,YR2006,Europe & Central Asia (excluding high income),ECA,6.48717834014063
2006,YR2006,Europe & Central Asia (IDA & IBRD countries),TEC,-36.4073468390066
2006,YR2006,European Union,EUU,61.0267533123145
2006,YR2006,Faroe Islands,FRO,..
2006,YR2006,Fiji,FJI,..
2006,YR2006,Finland,FIN,55.4622529827149
2006,YR2006,France,FRA,52.9914446924844
2006,YR2006,French Polynesia,PYF,..
2006,YR2006,Gabon,GAB,-335.180287957016
2006,YR2006,"Gambia, The",GMB,..
2006,YR2006,Georgia,GEO,70.7513057452793
2006,YR2006,Germany,DEU,62.8343075975222
2006,YR2006,Ghana,GHA,45.6424248362564
2006,YR2006,Gibraltar,GIB,..
2006,YR2006,Greece,GRC,80.8432393562162
2006,YR2006,Greenland,GRL,..
2006,YR2006,Grenada,GRD,..
2006,YR2006,Guam,GUM,..
2006,YR2006,Guatemala,GTM,29.0430846081798
2006,YR2006,Guinea,GIN,..
2006,YR2006,Guinea-Bissau,GNB,..
2006,YR2006,Guyana,GUY,..
2006,YR2006,Haiti,HTI,..
2006,YR2006,Heavily indebted poor countries (HIPC),HPC,..
2006,YR2006,High income,HIC,13.7387440400824
2006,YR2006,Honduras,HND,53.2719949542453
2006,YR2006,"Hong Kong SAR, China",HKG,193.814434880198
2006,YR2006,Hungary,HUN,62.3591601023714
2006,YR2006,IBRD only,IBD,-21.7753492616173
2006,YR2006,Iceland,ISL,..
2006,YR2006,IDA & IBRD total,IBT,-22.94807284265
2006,YR2006,IDA blend,IDB,-63.0466616961341
2006,YR2006,IDA only,IDX,-10.5351509699055
2006,YR2006,IDA total,IDA,-38.6757113077314
2006,YR2006,India,IND,26.0473139148163
2006,YR2006,Indonesia,IDN,-86.1235398993709
2006,YR2006,"Iran, Islamic Rep.",IRN,-76.9050977386177
2006,YR2006,Iraq,IRQ,-286.213672542951
2006,YR2006,Ireland,IRL,96.3991282254109
2006,YR2006,Isle of Man,IMN,..
2006,YR2006,Israel,ISR,92.4931643928288
2006,YR2006,Italy,ITA,88.4757014724615
2006,YR2006,Jamaica,JAM,..
2006,YR2006,Japan,JPN,82.3651990491479
2006,YR2006,Jordan,JOR,100.81335944633
2006,YR2006,Kazakhstan,KAZ,-109.966554445871
2006,YR2006,Kenya,KEN,20.7153573549737
2006,YR2006,Kiribati,KIR,..
2006,YR2006,"Korea, Dem. People's Rep.",PRK,-3.31063437385007
2006,YR2006,"Korea, Rep.",KOR,86.8088364889406
2006,YR2006,Kosovo,XKX,..
2006,YR2006,Kuwait,KWT,..
2006,YR2006,Kyrgyz Republic,KGZ,60.8644408195592
2006,YR2006,Lao PDR,LAO,11.8342313424281
2006,YR2006,Late-demographic dividend,LTE,-19.4973843952695
2006,YR2006,Latin America & Caribbean,LCN,-40.4547860955825
2006,YR2006,Latin America & Caribbean (excluding high income),LAC,-46.3039331260035
2006,YR2006,Latin America & the Caribbean (IDA & IBRD countries),TLA,-42.3739750100086
2006,YR2006,Latvia,LVA,70.4849247126758
2006,YR2006,Least developed countries: UN classification,LDC,-73.1895073382636
2006,YR2006,Lebanon,LBN,..
2006,YR2006,Lesotho,LSO,..
2006,YR2006,Liberia,LBR,..
2006,YR2006,Libya,LBY,-534.247490075003
2006,YR2006,Liechtenstein,LIE,..
2006,YR2006,Lithuania,LTU,62.3825652081135
2006,YR2006,Low & middle income,LMY,-16.9302056275417
2006,YR2006,Low income,LIC,-30.7618623471583
2006,YR2006,Lower middle income,LMC,-23.0693556211604
2006,YR2006,Luxembourg,LUX,107.403305785124
2006,YR2006,"Macao SAR, China",MAC,..
2006,YR2006,Madagascar,MDG,..
2006,YR2006,Malawi,MWI,..
2006,YR2006,Malaysia,MYS,-38.7189124367808
2006,YR2006,Maldives,MDV,..
2006,YR2006,Mali,MLI,..
2006,YR2006,Malta,MLT,..
2006,YR2006,Marshall Islands,MHL,..
2006,YR2006,Mauritania,MRT,..
2006,YR2006,Mauritius,MUS,..
2006,YR2006,Mexico,MEX,-40.3570743847689
2006,YR2006,"Micronesia, Fed. Sts.",FSM,..
2006,YR2006,"Middle East, North Africa, Afghanistan & Pakistan",MEA,-149.296138027029
2006,YR2006,"Middle East, North Africa, Afghanistan & Pakistan (excluding high income)",MNA,-89.6593854237052
2006,YR2006,"Middle East, North Africa, Afghanistan & Pakistan (IDA & IBRD)",TMN,-89.6593854237052
2006,YR2006,Middle income,MIC,-16.6009539033247
2006,YR2006,Moldova,MDA,96.5221543955816
2006,YR2006,Monaco,MCO,..
2006,YR2006,Mongolia,MNG,-30.6539382888197
2006,YR2006,Montenegro,MNE,45.4041287982626
2006,YR2006,Morocco,MAR,87.4584847450383
2006,YR2006,Mozambique,MOZ,-20.99051989161
2006,YR2006,Myanmar,MMR,-49.4642377293031
2006,YR2006,Namibia,NAM,70.0233584220084
2006,YR2006,Naoero,NRU,..
2006,YR2006,Nepal,NPL,9.54476979568779
2006,YR2006,Netherlands,NLD,48.1253295799581
2006,YR2006,New Caledonia,NCL,..
2006,YR2006,New Zealand,NZL,28.4330160293001
2006,YR2006,Nicaragua,NIC,49.5481200978186
2006,YR2006,Niger,NER,13.097375968265
2006,YR2006,Nigeria,NGA,-294.185943642146
2006,YR2006,North America,NAC,22.9952444139514
2006,YR2006,North Macedonia,MKD,44.6739603306316
2006,YR2006,Northern Mariana Islands,MNP,..
2006,YR2006,Norway,NOR,-652.141918144607
2006,YR2006,Not classified,INX,..
2006,YR2006,OECD members,OED,33.1620972906094
2006,YR2006,Oman,OMN,-290.341271265635
2006,YR2006,Other small states,OSS,..
2006,YR2006,Pacific island small states,PSS,..
2006,YR2006,Pakistan,PAK,23.1057394647007
2006,YR2006,Palau,PLW,..
2006,YR2006,Panama,PAN,173.203000461236
2006,YR2006,Papua New Guinea,PNG,..
2006,YR2006,Paraguay,PRY,-70.3399491391658
2006,YR2006,Peru,PER,24.0886675569839
2006,YR2006,Philippines,PHL,45.3420717744696
2006,YR2006,Poland,POL,20.2848246140246
2006,YR2006,Portugal,PRT,88.6561923138279
2006,YR2006,Post-demographic dividend,PST,37.5987137996413
2006,YR2006,Pre-demographic dividend,PRE,-177.105585715262
2006,YR2006,Puerto Rico (US),PRI,..
2006,YR2006,Qatar,QAT,-404.593052030533
2006,YR2006,Romania,ROU,29.268130541335
2006,YR2006,Russian Federation,RUS,-80.2578909463708
2006,YR2006,Rwanda,RWA,7.62547485379261
2006,YR2006,Samoa,WSM,..
2006,YR2006,San Marino,SMR,..
2006,YR2006,Sao Tome and Principe,STP,..
2006,YR2006,Saudi Arabia,SAU,-294.220788761899
2006,YR2006,Senegal,SEN,72.0087343752689
2006,YR2006,Serbia,SRB,38.3792813728492
2006,YR2006,Seychelles,SYC,..
2006,YR2006,Sierra Leone,SLE,..
2006,YR2006,Singapore,SGP,239.462723776914
2006,YR2006,Sint Maarten (Dutch part),SXM,..
2006,YR2006,Slovak Republic,SVK,64.0400059450288
2006,YR2006,Slovenia,SVN,51.1452060032502
2006,YR2006,Small states,SST,-131.618786296597
2006,YR2006,Solomon Islands,SLB,..
2006,YR2006,"Somalia, Fed. Rep.",SOM,..
2006,YR2006,South Africa,ZAF,-23.4240099319074
2006,YR2006,South Asia,SAS,25.6732204503552
2006,YR2006,South Asia (IDA & IBRD),TSA,25.6732204503552
2006,YR2006,South Sudan,SSD,..
2006,YR2006,Spain,ESP,87.5809137333827
2006,YR2006,Sri Lanka,LKA,46.4980462895278
2006,YR2006,St. Kitts and Nevis,KNA,..
2006,YR2006,St. Lucia,LCA,..
2006,YR2006,St. Martin (French part),MAF,..
2006,YR2006,St. Vincent and the Grenadines,VCT,..
2006,YR2006,Sub-Saharan Africa,SSF,-95.6203199621774
2006,YR2006,Sub-Saharan Africa (excluding high income),SSA,-95.6203199621774
2006,YR2006,Sub-Saharan Africa (IDA & IBRD countries),TSS,-95.6203199621774
2006,YR2006,Sudan,SDN,-78.908179108687
2006,YR2006,Suriname,SUR,-20.4407265404129
2006,YR2006,Sweden,SWE,39.7943388512261
2006,YR2006,Switzerland,CHE,59.8563575777937
2006,YR2006,Syrian Arab Republic,SYR,-8.17741789459506
2006,YR2006,Tajikistan,TJK,37.8959768749505
2006,YR2006,Tanzania,TZA,..
2006,YR2006,Thailand,THA,47.2099671270942
2006,YR2006,Timor-Leste,TLS,..
2006,YR2006,Togo,TGO,..
2006,YR2006,Tonga,TON,..
2006,YR2006,Trinidad and Tobago,TTO,-120.313269759775
2006,YR2006,Tunisia,TUN,27.2510212379287
2006,YR2006,Turkiye,TUR,74.1979484170948
2006,YR2006,Turkmenistan,TKM,-224.484054948309
2006,YR2006,Turks and Caicos Islands,TCA,..
2006,YR2006,Tuvalu,TUV,..
2006,YR2006,Uganda,UGA,6.77947897142134
2006,YR2006,Ukraine,UKR,41.505757722563
2006,YR2006,United Arab Emirates,ARE,-275.297889831981
2006,YR2006,United Kingdom,GBR,22.4970192293226
2006,YR2006,United States,USA,31.7737943317032
2006,YR2006,Upper middle income,UMC,-14.885544119434
2006,YR2006,Uruguay,URY,84.2385368177988
2006,YR2006,Uzbekistan,UZB,-20.6565490511899
2006,YR2006,Vanuatu,VUT,..
2006,YR2006,"Venezuela, RB",VEN,-245.825835342647
2006,YR2006,Viet Nam,VNM,-51.5227736003665
2006,YR2006,Virgin Islands (U.S.),VIR,..
2006,YR2006,West Bank and Gaza,PSE,..
2006,YR2006,World,WLD,0.631944900892199
2006,YR2006,"Yemen, Rep.",YEM,-140.01693422746
2006,YR2006,Zambia,ZMB,8.92787333854574
2006,YR2006,Zimbabwe,ZWE,14.5500076464291
2007,YR2007,Afghanistan,AFG,..
2007,YR2007,Africa Eastern and Southern,AFE,-53.141951156347
2007,YR2007,Africa Western and Central,AFW,-211.37491129905
2007,YR2007,Albania,ALB,49.3498671390608
2007,YR2007,Algeria,DZA,-346.120700552505
2007,YR2007,American Samoa,ASM,..
2007,YR2007,Andorra,AND,..
2007,YR2007,Angola,AGO,-905.051352241387
2007,YR2007,Antigua and Barbuda,ATG,..
2007,YR2007,Arab World,ARB,-202.628911694713
2007,YR2007,Argentina,ARG,-8.75840895532529
2007,YR2007,Armenia,ARM,72.8092351995716
2007,YR2007,Aruba,ABW,..
2007,YR2007,Australia,AUS,-127.764290888944
2007,YR2007,Austria,AUT,70.1725628388934
2007,YR2007,Azerbaijan,AZE,-323.147547736931
2007,YR2007,"Bahamas, The",BHS,..
2007,YR2007,Bahrain,BHR,-53.5280275603182
2007,YR2007,Bangladesh,BGD,15.8299464466906
2007,YR2007,Barbados,BRB,..
2007,YR2007,Belarus,BLR,84.715589734745
2007,YR2007,Belgium,BEL,91.1428349762183
2007,YR2007,Belize,BLZ,..
2007,YR2007,Benin,BEN,41.8017950914304
2007,YR2007,Bermuda,BMU,..
2007,YR2007,Bhutan,BTN,..
2007,YR2007,Bolivia,BOL,-180.911409918285
2007,YR2007,Bosnia and Herzegovina,BIH,30.6474418437097
2007,YR2007,Botswana,BWA,..
2007,YR2007,Brazil,BRA,10.7554506884035
2007,YR2007,British Virgin Islands,VGB,..
2007,YR2007,Brunei Darussalam,BRN,-539.097137952467
2007,YR2007,Bulgaria,BGR,51.98949515202
2007,YR2007,Burkina Faso,BFA,..
2007,YR2007,Burundi,BDI,..
2007,YR2007,Cabo Verde,CPV,..
2007,YR2007,Cambodia,KHM,..
2007,YR2007,Cameroon,CMR,-48.7532631199927
2007,YR2007,Canada,CAN,-54.5900488468931
2007,YR2007,Caribbean small states,CSS,-108.321858268901
2007,YR2007,Cayman Islands,CYM,..
2007,YR2007,Central African Republic,CAF,..
2007,YR2007,Central Europe and the Baltics,CEB,37.8890190388645
2007,YR2007,Chad,TCD,-290.731183642917
2007,YR2007,Channel Islands,CHI,..
2007,YR2007,Chile,CHL,77.9117396112639
2007,YR2007,China,CHN,7.94609861840451
2007,YR2007,Colombia,COL,-202.67752129592
2007,YR2007,Comoros,COM,..
2007,YR2007,"Congo, Dem. Rep.",COD,-3.69155941016026
2007,YR2007,"Congo, Rep.",COG,-892.291058082633
2007,YR2007,Costa Rica,CRI,56.272567056396
2007,YR2007,Cote d'Ivoire,CIV,-12.8216856786979
2007,YR2007,Croatia,HRV,52.4772984503389
2007,YR2007,Cuba,CUB,47.9184720113528
2007,YR2007,Curacao,CUW,194.839518397186
2007,YR2007,Cyprus,CYP,..
2007,YR2007,Czechia,CZE,25.13008634507
2007,YR2007,Denmark,DNK,-26.7532599087598
2007,YR2007,Djibouti,DJI,..
2007,YR2007,Dominica,DMA,..
2007,YR2007,Dominican Republic,DOM,..
2007,YR2007,Early-demographic dividend,EAR,-44.8753986364301
2007,YR2007,East Asia & Pacific,EAS,19.3110716091191
2007,YR2007,East Asia & Pacific (excluding high income),EAP,1.8251140231852
2007,YR2007,East Asia & Pacific (IDA & IBRD countries),TEA,1.89344767353247
2007,YR2007,Ecuador,ECU,-129.466711600817
2007,YR2007,"Egypt, Arab Rep.",EGY,-19.3303597950051
2007,YR2007,El Salvador,SLV,56.2631967452319
2007,YR2007,Equatorial Guinea,GNQ,-1282.71017664034
2007,YR2007,Eritrea,ERI,..
2007,YR2007,Estonia,EST,25.6676732569844
2007,YR2007,Eswatini,SWZ,10.8294930875576
2007,YR2007,Ethiopia,ETH,..
2007,YR2007,Euro area,EMU,67.0777525963781
2007,YR2007,Europe & Central Asia,ECS,9.24314711746377
2007,YR2007,Europe & Central Asia (excluding high income),ECA,3.14882094018452
2007,YR2007,Europe & Central Asia (IDA & IBRD countries),TEC,-37.5478651832729
2007,YR2007,European Union,EUU,60.1634411943949
2007,YR2007,Faroe Islands,FRO,..
2007,YR2007,Fiji,FJI,..
2007,YR2007,Finland,FIN,54.6636571657423
2007,YR2007,France,FRA,51.9702514233555
2007,YR2007,French Polynesia,PYF,..
2007,YR2007,Gabon,GAB,-307.149789096444
2007,YR2007,"Gambia, The",GMB,..
2007,YR2007,Georgia,GEO,69.4903866771496
2007,YR2007,Germany,DEU,60.5578292354181
2007,YR2007,Ghana,GHA,48.117386913142
2007,YR2007,Gibraltar,GIB,..
2007,YR2007,Greece,GRC,80.6025864165749
2007,YR2007,Greenland,GRL,..
2007,YR2007,Grenada,GRD,..
2007,YR2007,Guam,GUM,..
2007,YR2007,Guatemala,GTM,33.1901324992229
2007,YR2007,Guinea,GIN,..
2007,YR2007,Guinea-Bissau,GNB,..
2007,YR2007,Guyana,GUY,..
2007,YR2007,Haiti,HTI,..
2007,YR2007,Heavily indebted poor countries (HIPC),HPC,..
2007,YR2007,High income,HIC,13.224864138498
2007,YR2007,Honduras,HND,53.2840752211702
2007,YR2007,"Hong Kong SAR, China",HKG,193.806449434979
2007,YR2007,Hungary,HUN,60.7501538278145
2007,YR2007,IBRD only,IBD,-20.0393181570376
2007,YR2007,Iceland,ISL,..
2007,YR2007,IDA & IBRD total,IBT,-21.2351809398035
2007,YR2007,IDA blend,IDB,-60.0086581015399
2007,YR2007,IDA only,IDX,-11.996463682596
2007,YR2007,IDA total,IDA,-37.7345314798767
2007,YR2007,India,IND,27.0601259049498
2007,YR2007,Indonesia,IDN,-90.7961529492001
2007,YR2007,"Iran, Islamic Rep.",IRN,-74.3233060373261
2007,YR2007,Iraq,IRQ,-307.471358496956
2007,YR2007,Ireland,IRL,94.211873871778
2007,YR2007,Isle of Man,IMN,..
2007,YR2007,Israel,ISR,94.0520403445183
2007,YR2007,Italy,ITA,85.6775303732499
2007,YR2007,Jamaica,JAM,..
2007,YR2007,Japan,JPN,84.3107714036557
2007,YR2007,Jordan,JOR,101.675248338337
2007,YR2007,Kazakhstan,KAZ,-99.6423363599403
2007,YR2007,Kenya,KEN,20.2753052485827
2007,YR2007,Kiribati,KIR,..
2007,YR2007,"Korea, Dem. People's Rep.",PRK,-7.63165757483638
2007,YR2007,"Korea, Rep.",KOR,85.362445932308
2007,YR2007,Kosovo,XKX,..
2007,YR2007,Kuwait,KWT,..
2007,YR2007,Kyrgyz Republic,KGZ,62.9370855571729
2007,YR2007,Lao PDR,LAO,14.3852720224848
2007,YR2007,Late-demographic dividend,LTE,-17.8388666944443
2007,YR2007,Latin America & Caribbean,LCN,-34.762365453852
2007,YR2007,Latin America & Caribbean (excluding high income),LAC,-40.3962769023347
2007,YR2007,Latin America & the Caribbean (IDA & IBRD countries),TLA,-36.5082494265099
2007,YR2007,Latvia,LVA,65.8917971395561
2007,YR2007,Least developed countries: UN classification,LDC,-86.0659753111114
2007,YR2007,Lebanon,LBN,..
2007,YR2007,Lesotho,LSO,..
2007,YR2007,Liberia,LBR,..
2007,YR2007,Libya,LBY,-645.477465546497
2007,YR2007,Liechtenstein,LIE,..
2007,YR2007,Lithuania,LTU,61.06401135107
2007,YR2007,Low & middle income,LMY,-15.192669468219
2007,YR2007,Low income,LIC,-36.0423069379654
2007,YR2007,Lower middle income,LMC,-21.1263417394015
2007,YR2007,Luxembourg,LUX,106.64376884536
2007,YR2007,"Macao SAR, China",MAC,..
2007,YR2007,Madagascar,MDG,..
2007,YR2007,Malawi,MWI,..
2007,YR2007,Malaysia,MYS,-29.7539341309863
2007,YR2007,Maldives,MDV,..
2007,YR2007,Mali,MLI,..
2007,YR2007,Malta,MLT,..
2007,YR2007,Marshall Islands,MHL,..
2007,YR2007,Mauritania,MRT,..
2007,YR2007,Mauritius,MUS,..
2007,YR2007,Mexico,MEX,-34.2783300673031
2007,YR2007,"Micronesia, Fed. Sts.",FSM,..
2007,YR2007,"Middle East, North Africa, Afghanistan & Pakistan",MEA,-138.499734041484
2007,YR2007,"Middle East, North Africa, Afghanistan & Pakistan (excluding high income)",MNA,-87.1628081663421
2007,YR2007,"Middle East, North Africa, Afghanistan & Pakistan (IDA & IBRD)",TMN,-87.1628081663421
2007,YR2007,Middle income,MIC,-14.7372407834661
2007,YR2007,Moldova,MDA,98.0673762632164
2007,YR2007,Monaco,MCO,..
2007,YR2007,Mongolia,MNG,-42.2013202448951
2007,YR2007,Montenegro,MNE,54.5824760854351
2007,YR2007,Morocco,MAR,91.897611079767
2007,YR2007,Mozambique,MOZ,-25.0317405068537
2007,YR2007,Myanmar,MMR,-50.2418268360274
2007,YR2007,Namibia,NAM,69.3046784817
2007,YR2007,Naoero,NRU,..
2007,YR2007,Nepal,NPL,9.50668089735433
2007,YR2007,Netherlands,NLD,47.0413866840216
2007,YR2007,New Caledonia,NCL,..
2007,YR2007,New Zealand,NZL,25.305340798381
2007,YR2007,Nicaragua,NIC,50.3590584867274
2007,YR2007,Niger,NER,15.8439827217145
2007,YR2007,Nigeria,NGA,-295.574713597416
2007,YR2007,North America,NAC,21.5895776460675
2007,YR2007,North Macedonia,MKD,47.5574132198016
2007,YR2007,Northern Mariana Islands,MNP,..
2007,YR2007,Norway,NOR,-679.346786343798
2007,YR2007,Not classified,INX,..
2007,YR2007,OECD members,OED,32.3703836706073
2007,YR2007,Oman,OMN,-233.666401848422
2007,YR2007,Other small states,OSS,..
2007,YR2007,Pacific island small states,PSS,..
2007,YR2007,Pakistan,PAK,24.2870019462972
2007,YR2007,Palau,PLW,..
2007,YR2007,Panama,PAN,151.300094743746
2007,YR2007,Papua New Guinea,PNG,..
2007,YR2007,Paraguay,PRY,-71.0487512407267
2007,YR2007,Peru,PER,24.4127108595939
2007,YR2007,Philippines,PHL,43.3156332295316
2007,YR2007,Poland,POL,25.9717755598224
2007,YR2007,Portugal,PRT,85.8162996853368
2007,YR2007,Post-demographic dividend,PST,36.4060227820054
2007,YR2007,Pre-demographic dividend,PRE,-188.949726652418
2007,YR2007,Puerto Rico (US),PRI,..
2007,YR2007,Qatar,QAT,-398.626815705122
2007,YR2007,Romania,ROU,31.5660305708733
2007,YR2007,Russian Federation,RUS,-82.1146643771996
2007,YR2007,Rwanda,RWA,7.03987222470035
2007,YR2007,Samoa,WSM,..
2007,YR2007,San Marino,SMR,..
2007,YR2007,Sao Tome and Principe,STP,..
2007,YR2007,Saudi Arabia,SAU,-260.343119888032
2007,YR2007,Senegal,SEN,67.8267823583512
2007,YR2007,Serbia,SRB,36.5131697656189
2007,YR2007,Seychelles,SYC,..
2007,YR2007,Sierra Leone,SLE,..
2007,YR2007,Singapore,SGP,271.316427060438
2007,YR2007,Sint Maarten (Dutch part),SXM,..
2007,YR2007,Slovak Republic,SVK,69.1625263772008
2007,YR2007,Slovenia,SVN,51.2447668759392
2007,YR2007,Small states,SST,-116.216807864895
2007,YR2007,Solomon Islands,SLB,..
2007,YR2007,"Somalia, Fed. Rep.",SOM,..
2007,YR2007,South Africa,ZAF,-14.3360040269529
2007,YR2007,South Asia,SAS,26.6107626939535
2007,YR2007,South Asia (IDA & IBRD),TSA,26.6107626939535
2007,YR2007,South Sudan,SSD,..
2007,YR2007,Spain,ESP,86.040683918047
2007,YR2007,Sri Lanka,LKA,47.1411992263056
2007,YR2007,St. Kitts and Nevis,KNA,..
2007,YR2007,St. Lucia,LCA,..
2007,YR2007,St. Martin (French part),MAF,..
2007,YR2007,St. Vincent and the Grenadines,VCT,..
2007,YR2007,Sub-Saharan Africa,SSF,-95.2185383067027
2007,YR2007,Sub-Saharan Africa (excluding high income),SSA,-95.2185383067027
2007,YR2007,Sub-Saharan Africa (IDA & IBRD countries),TSS,-95.2185383067027
2007,YR2007,Sudan,SDN,-122.936166379912
2007,YR2007,Suriname,SUR,-41.6207077009783
2007,YR2007,Sweden,SWE,38.2973061041952
2007,YR2007,Switzerland,CHE,55.1951037752301
2007,YR2007,Syrian Arab Republic,SYR,-4.18105125925176
2007,YR2007,Tajikistan,TJK,39.3868383272357
2007,YR2007,Tanzania,TZA,..
2007,YR2007,Thailand,THA,46.3873326792832
2007,YR2007,Timor-Leste,TLS,..
2007,YR2007,Togo,TGO,..
2007,YR2007,Tonga,TON,..
2007,YR2007,Trinidad and Tobago,TTO,-110.394540973968
2007,YR2007,Tunisia,TUN,15.4379651720393
2007,YR2007,Turkiye,TUR,75.5977950715525
2007,YR2007,Turkmenistan,TKM,-256.628846660806
2007,YR2007,Turks and Caicos Islands,TCA,..
2007,YR2007,Tuvalu,TUV,..
2007,YR2007,Uganda,UGA,8.12518148350457
2007,YR2007,Ukraine,UKR,40.9975720378261
2007,YR2007,United Arab Emirates,ARE,-239.143526278874
2007,YR2007,United Kingdom,GBR,21.8227003153631
2007,YR2007,United States,USA,30.5507287280746
2007,YR2007,Upper middle income,UMC,-13.0601218301171
2007,YR2007,Uruguay,URY,67.3864296374718
2007,YR2007,Uzbekistan,UZB,-23.1003420094092
2007,YR2007,Vanuatu,VUT,..
2007,YR2007,"Venezuela, RB",VEN,-230.357226707121
2007,YR2007,Viet Nam,VNM,-42.3103522585646
2007,YR2007,Virgin Islands (U.S.),VIR,..
2007,YR2007,West Bank and Gaza,PSE,..
2007,YR2007,World,WLD,0.760700503243965
2007,YR2007,"Yemen, Rep.",YEM,-135.327237995044
2007,YR2007,Zambia,ZMB,8.56569204873407
2007,YR2007,Zimbabwe,ZWE,13.4960638616751
2008,YR2008,Afghanistan,AFG,..
2008,YR2008,Africa Eastern and Southern,AFE,-50.3160987027224
2008,YR2008,Africa Western and Central,AFW,-191.531948531351
2008,YR2008,Albania,ALB,50.0620058023779
2008,YR2008,Algeria,DZA,-331.682169221525
2008,YR2008,American Samoa,ASM,..
2008,YR2008,Andorra,AND,..
2008,YR2008,Angola,AGO,-910.835918394143
2008,YR2008,Antigua and Barbuda,ATG,..
2008,YR2008,Arab World,ARB,-196.286383872055
2008,YR2008,Argentina,ARG,-6.2618363216528
2008,YR2008,Armenia,ARM,75.1401155903935
2008,YR2008,Aruba,ABW,..
2008,YR2008,Australia,AUS,-123.534610231999
2008,YR2008,Austria,AUT,70.4770761184034
2008,YR2008,Azerbaijan,AZE,-326.673374876152
2008,YR2008,"Bahamas, The",BHS,..
2008,YR2008,Bahrain,BHR,-45.866587510058
2008,YR2008,Bangladesh,BGD,15.4943288262154
2008,YR2008,Barbados,BRB,..
2008,YR2008,Belarus,BLR,87.7508675306868
2008,YR2008,Belgium,BEL,95.9508772708718
2008,YR2008,Belize,BLZ,..
2008,YR2008,Benin,BEN,42.2565178740584
2008,YR2008,Bermuda,BMU,..
2008,YR2008,Bhutan,BTN,..
2008,YR2008,Bolivia,BOL,-183.610356705548
2008,YR2008,Bosnia and Herzegovina,BIH,29.0363420018349
2008,YR2008,Botswana,BWA,..
2008,YR2008,Brazil,BRA,10.9734366775816
2008,YR2008,British Virgin Islands,VGB,..
2008,YR2008,Brunei Darussalam,BRN,-488.916674530529
2008,YR2008,Bulgaria,BGR,53.0049788983809
2008,YR2008,Burkina Faso,BFA,..
2008,YR2008,Burundi,BDI,..
2008,YR2008,Cabo Verde,CPV,..
2008,YR2008,Cambodia,KHM,..
2008,YR2008,Cameroon,CMR,-48.3089254975444
2008,YR2008,Canada,CAN,-52.7925580751696
2008,YR2008,Caribbean small states,CSS,-113.681701750189
2008,YR2008,Cayman Islands,CYM,..
2008,YR2008,Central African Republic,CAF,..
2008,YR2008,Central Europe and the Baltics,CEB,39.717613438207
2008,YR2008,Chad,TCD,-248.333253439432
2008,YR2008,Channel Islands,CHI,..
2008,YR2008,Chile,CHL,72.7500942964616
2008,YR2008,China,CHN,8.6324519295838
2008,YR2008,Colombia,COL,-206.85479163314
2008,YR2008,Comoros,COM,..
2008,YR2008,"Congo, Dem. Rep.",COD,-3.3948330004688
2008,YR2008,"Congo, Rep.",COG,-875.817051352451
2008,YR2008,Costa Rica,CRI,57.2668854983053
2008,YR2008,Cote d'Ivoire,CIV,-13.4841136850557
2008,YR2008,Croatia,HRV,55.5362390827435
2008,YR2008,Cuba,CUB,51.2446140095779
2008,YR2008,Curacao,CUW,201.400612699184
2008,YR2008,Cyprus,CYP,..
2008,YR2008,Czechia,CZE,27.9306353868618
2008,YR2008,Denmark,DNK,-23.2651146163815
2008,YR2008,Djibouti,DJI,..
2008,YR2008,Dominica,DMA,..
2008,YR2008,Dominican Republic,DOM,..
2008,YR2008,Early-demographic dividend,EAR,-41.2518297936031
2008,YR2008,East Asia & Pacific,EAS,19.3183279900591
2008,YR2008,East Asia & Pacific (excluding high income),EAP,2.83194108829183
2008,YR2008,East Asia & Pacific (IDA & IBRD countries),TEA,2.8793177843798
2008,YR2008,Ecuador,ECU,-150.583456139824
2008,YR2008,"Egypt, Arab Rep.",EGY,-21.0799337182716
2008,YR2008,El Salvador,SLV,50.5744986885525
2008,YR2008,Equatorial Guinea,GNQ,-1423.65579585047
2008,YR2008,Eritrea,ERI,..
2008,YR2008,Estonia,EST,28.8025596909053
2008,YR2008,Eswatini,SWZ,10.2769893315064
2008,YR2008,Ethiopia,ETH,..
2008,YR2008,Euro area,EMU,67.9757860254466
2008,YR2008,Europe & Central Asia,ECS,10.2419701606338
2008,YR2008,Europe & Central Asia (excluding high income),ECA,0.0647270595215897
2008,YR2008,Europe & Central Asia (IDA & IBRD countries),TEC,-36.4963781732778
2008,YR2008,European Union,EUU,61.3638983801998
2008,YR2008,Faroe Islands,FRO,..
2008,YR2008,Fiji,FJI,..
2008,YR2008,Finland,FIN,55.9319732578383
2008,YR2008,France,FRA,52.300519537814
2008,YR2008,French Polynesia,PYF,..
2008,YR2008,Gabon,GAB,-264.253764035878
2008,YR2008,"Gambia, The",GMB,..
2008,YR2008,Georgia,GEO,65.4014911848401
2008,YR2008,Germany,DEU,62.8465530476543
2008,YR2008,Ghana,GHA,47.4672851702316
2008,YR2008,Gibraltar,GIB,..
2008,YR2008,Greece,GRC,82.6111229159919
2008,YR2008,Greenland,GRL,..
2008,YR2008,Grenada,GRD,..
2008,YR2008,Guam,GUM,..
2008,YR2008,Guatemala,GTM,28.6052292671239
2008,YR2008,Guinea,GIN,..
2008,YR2008,Guinea-Bissau,GNB,..
2008,YR2008,Guyana,GUY,..
2008,YR2008,Haiti,HTI,..
2008,YR2008,Heavily indebted poor countries (HIPC),HPC,..
2008,YR2008,High income,HIC,12.2432018422292
2008,YR2008,Honduras,HND,51.7223825740799
2008,YR2008,"Hong Kong SAR, China",HKG,185.88489775875
2008,YR2008,Hungary,HUN,63.2313465736573
2008,YR2008,IBRD only,IBD,-18.2776670036995
2008,YR2008,Iceland,ISL,..
2008,YR2008,IDA & IBRD total,IBT,-19.2940464301365
2008,YR2008,IDA blend,IDB,-54.9870377795975
2008,YR2008,IDA only,IDX,-9.11064422154574
2008,YR2008,IDA total,IDA,-33.5152254747559
2008,YR2008,India,IND,28.4555744181546
2008,YR2008,Indonesia,IDN,-90.4267498347048
2008,YR2008,"Iran, Islamic Rep.",IRN,-64.0674463335666
2008,YR2008,Iraq,IRQ,-319.452328712433
2008,YR2008,Ireland,IRL,96.5195236634163
2008,YR2008,Isle of Man,IMN,..
2008,YR2008,Israel,ISR,85.2741499098135
2008,YR2008,Italy,ITA,85.491305751847
2008,YR2008,Jamaica,JAM,105.123624942318
2008,YR2008,Japan,JPN,84.2147770328816
2008,YR2008,Jordan,JOR,101.451488654332
2008,YR2008,Kazakhstan,KAZ,-107.133124073149
2008,YR2008,Kenya,KEN,21.4634094223609
2008,YR2008,Kiribati,KIR,..
2008,YR2008,"Korea, Dem. People's Rep.",PRK,-3.28510630235482
2008,YR2008,"Korea, Rep.",KOR,85.5983565577476
2008,YR2008,Kosovo,XKX,..
2008,YR2008,Kuwait,KWT,..
2008,YR2008,Kyrgyz Republic,KGZ,74.6036306450027
2008,YR2008,Lao PDR,LAO,14.2526979276096
2008,YR2008,Late-demographic dividend,LTE,-16.7874311843876
2008,YR2008,Latin America & Caribbean,LCN,-32.0920222937341
2008,YR2008,Latin America & Caribbean (excluding high income),LAC,-37.2330833414692
2008,YR2008,Latin America & the Caribbean (IDA & IBRD countries),TLA,-33.8448372821155
2008,YR2008,Latvia,LVA,62.7334173444839
2008,YR2008,Least developed countries: UN classification,LDC,-85.9690490102437
2008,YR2008,Lebanon,LBN,..
2008,YR2008,Lesotho,LSO,..
2008,YR2008,Liberia,LBR,..
2008,YR2008,Libya,LBY,-562.968529993642
2008,YR2008,Liechtenstein,LIE,..
2008,YR2008,Lithuania,LTU,57.9009383703997
2008,YR2008,Low & middle income,LMY,-13.5211938883229
2008,YR2008,Low income,LIC,-30.7853089324429
2008,YR2008,Lower middle income,LMC,-19.0110347874754
2008,YR2008,Luxembourg,LUX,107.569730146317
2008,YR2008,"Macao SAR, China",MAC,..
2008,YR2008,Madagascar,MDG,..
2008,YR2008,Malawi,MWI,..
2008,YR2008,Malaysia,MYS,-25.4811992872319
2008,YR2008,Maldives,MDV,..
2008,YR2008,Mali,MLI,..
2008,YR2008,Malta,MLT,..
2008,YR2008,Marshall Islands,MHL,..
2008,YR2008,Mauritania,MRT,..
2008,YR2008,Mauritius,MUS,..
2008,YR2008,Mexico,MEX,-25.8232008878497
2008,YR2008,"Micronesia, Fed. Sts.",FSM,..
2008,YR2008,"Middle East, North Africa, Afghanistan & Pakistan",MEA,-133.25804323069
2008,YR2008,"Middle East, North Africa, Afghanistan & Pakistan (excluding high income)",MNA,-81.9577070164058
2008,YR2008,"Middle East, North Africa, Afghanistan & Pakistan (IDA & IBRD)",TMN,-81.9577070164058
2008,YR2008,Middle income,MIC,-13.1410517779757
2008,YR2008,Moldova,MDA,97.1171184012657
2008,YR2008,Monaco,MCO,..
2008,YR2008,Mongolia,MNG,-58.498678149955
2008,YR2008,Montenegro,MNE,46.4935781262312
2008,YR2008,Morocco,MAR,89.6185838640902
2008,YR2008,Mozambique,MOZ,-27.6710389366915
2008,YR2008,Myanmar,MMR,-49.9328160756291
2008,YR2008,Namibia,NAM,70.1012369992002
2008,YR2008,Naoero,NRU,..
2008,YR2008,Nepal,NPL,10.6916477234698
2008,YR2008,Netherlands,NLD,41.9789975358064
2008,YR2008,New Caledonia,NCL,..
2008,YR2008,New Zealand,NZL,16.8532351063146
2008,YR2008,Nicaragua,NIC,45.0138404140088
2008,YR2008,Niger,NER,15.2438054450903
2008,YR2008,Nigeria,NGA,-257.747809763524
2008,YR2008,North America,NAC,19.3807364662723
2008,YR2008,North Macedonia,MKD,46.3156487619226
2008,YR2008,Northern Mariana Islands,MNP,..
2008,YR2008,Norway,NOR,-615.652904815357
2008,YR2008,Not classified,INX,..
2008,YR2008,OECD members,OED,31.9282552965715
2008,YR2008,Oman,OMN,-270.02228968615
2008,YR2008,Other small states,OSS,..
2008,YR2008,Pacific island small states,PSS,..
2008,YR2008,Pakistan,PAK,24.5198691321657
2008,YR2008,Palau,PLW,..
2008,YR2008,Panama,PAN,192.901970735008
2008,YR2008,Papua New Guinea,PNG,..
2008,YR2008,Paraguay,PRY,-64.9300892011494
2008,YR2008,Peru,PER,20.8646611165608
2008,YR2008,Philippines,PHL,42.7603612865669
2008,YR2008,Poland,POL,31.0449275571275
2008,YR2008,Portugal,PRT,88.4103947786098
2008,YR2008,Post-demographic dividend,PST,35.9530143136892
2008,YR2008,Pre-demographic dividend,PRE,-185.156621537346
2008,YR2008,Puerto Rico (US),PRI,..
2008,YR2008,Qatar,QAT,-485.961776245768
2008,YR2008,Romania,ROU,27.7403133719836
2008,YR2008,Russian Federation,RUS,-77.9549418466465
2008,YR2008,Rwanda,RWA,6.8519116552702
2008,YR2008,Samoa,WSM,..
2008,YR2008,San Marino,SMR,..
2008,YR2008,Sao Tome and Principe,STP,..
2008,YR2008,Saudi Arabia,SAU,-247.605329375852
2008,YR2008,Senegal,SEN,69.7044542152552
2008,YR2008,Serbia,SRB,37.8018251972477
2008,YR2008,Seychelles,SYC,..
2008,YR2008,Sierra Leone,SLE,..
2008,YR2008,Singapore,SGP,262.215986853303
2008,YR2008,Sint Maarten (Dutch part),SXM,..
2008,YR2008,Slovak Republic,SVK,65.3978607311472
2008,YR2008,Slovenia,SVN,54.1628047431398
2008,YR2008,Small states,SST,-121.080005554906
2008,YR2008,Solomon Islands,SLB,..
2008,YR2008,"Somalia, Fed. Rep.",SOM,..
2008,YR2008,South Africa,ZAF,-7.7959520670235
2008,YR2008,South Asia,SAS,27.8912130936427
2008,YR2008,South Asia (IDA & IBRD),TSA,27.8912130936427
2008,YR2008,South Sudan,SSD,..
2008,YR2008,Spain,ESP,88.4335262058699
2008,YR2008,Sri Lanka,LKA,46.968593500478
2008,YR2008,St. Kitts and Nevis,KNA,..
2008,YR2008,St. Lucia,LCA,..
2008,YR2008,St. Martin (French part),MAF,..
2008,YR2008,St. Vincent and the Grenadines,VCT,..
2008,YR2008,Sub-Saharan Africa,SSF,-87.5112546827526
2008,YR2008,Sub-Saharan Africa (excluding high income),SSA,-87.5112546827526
2008,YR2008,Sub-Saharan Africa (IDA & IBRD countries),TSS,-87.5112546827526
2008,YR2008,Sudan,SDN,-113.858623798077
2008,YR2008,Suriname,SUR,-45.5555555555555
2008,YR2008,Sweden,SWE,40.0701577104912
2008,YR2008,Switzerland,CHE,58.0088052436606
2008,YR2008,Syrian Arab Republic,SYR,-5.4614244060833
2008,YR2008,Tajikistan,TJK,40.6079956390964
2008,YR2008,Tanzania,TZA,..
2008,YR2008,Thailand,THA,44.1134208342255
2008,YR2008,Timor-Leste,TLS,..
2008,YR2008,Togo,TGO,..
2008,YR2008,Tonga,TON,..
2008,YR2008,Trinidad and Tobago,TTO,-116.004076290009
2008,YR2008,Tunisia,TUN,23.5144207019722
2008,YR2008,Turkiye,TUR,73.6741545438837
2008,YR2008,Turkmenistan,TKM,-198.588094349214
2008,YR2008,Turks and Caicos Islands,TCA,..
2008,YR2008,Tuvalu,TUV,..
2008,YR2008,Uganda,UGA,7.94479736960163
2008,YR2008,Ukraine,UKR,42.5204681941426
2008,YR2008,United Arab Emirates,ARE,-189.037429177801
2008,YR2008,United Kingdom,GBR,28.1653974618043
2008,YR2008,United States,USA,27.9184127584533
2008,YR2008,Upper middle income,UMC,-11.5872508933868
2008,YR2008,Uruguay,URY,72.4030858135456
2008,YR2008,Uzbekistan,UZB,-23.4991848226511
2008,YR2008,Vanuatu,VUT,..
2008,YR2008,"Venezuela, RB",VEN,-237.604574655964
2008,YR2008,Viet Nam,VNM,-21.8039816938349
2008,YR2008,Virgin Islands (U.S.),VIR,..
2008,YR2008,West Bank and Gaza,PSE,..
2008,YR2008,World,WLD,0.688555870388604
2008,YR2008,"Yemen, Rep.",YEM,-100.120772946859
2008,YR2008,Zambia,ZMB,10.3935382757831
2008,YR2008,Zimbabwe,ZWE,10.9788078531434
2009,YR2009,Afghanistan,AFG,..
2009,YR2009,Africa Eastern and Southern,AFE,-43.3869092049422
2009,YR2009,Africa Western and Central,AFW,-191.524027741277
2009,YR2009,Albania,ALB,46.4105898436196
2009,YR2009,Algeria,DZA,-274.142977643099
2009,YR2009,American Samoa,ASM,..
2009,YR2009,Andorra,AND,..
2009,YR2009,Angola,AGO,-775.821353502783
2009,YR2009,Antigua and Barbuda,ATG,..
2009,YR2009,Arab World,ARB,-180.199847709432
2009,YR2009,Argentina,ARG,-7.65587146065983
2009,YR2009,Armenia,ARM,69.2562497712381
2009,YR2009,Aruba,ABW,..
2009,YR2009,Australia,AUS,-128.476617177707
2009,YR2009,Austria,AUT,66.7103875594823
2009,YR2009,Azerbaijan,AZE,-425.320752038097
2009,YR2009,"Bahamas, The",BHS,..
2009,YR2009,Bahrain,BHR,-54.7283369953977
2009,YR2009,Bangladesh,BGD,14.7404722275885
2009,YR2009,Barbados,BRB,..
2009,YR2009,Belarus,BLR,83.5341712844078
2009,YR2009,Belgium,BEL,86.6028394359531
2009,YR2009,Belize,BLZ,..
2009,YR2009,Benin,BEN,44.7166102966197
2009,YR2009,Bermuda,BMU,..
2009,YR2009,Bhutan,BTN,..
2009,YR2009,Bolivia,BOL,-136.60464075814
2009,YR2009,Bosnia and Herzegovina,BIH,30.5773027958542
2009,YR2009,Botswana,BWA,..
2009,YR2009,Brazil,BRA,6.60229702686238
2009,YR2009,British Virgin Islands,VGB,..
2009,YR2009,Brunei Darussalam,BRN,-511.891701000587
2009,YR2009,Bulgaria,BGR,46.382604875906
2009,YR2009,Burkina Faso,BFA,..
2009,YR2009,Burundi,BDI,..
2009,YR2009,Cabo Verde,CPV,..
2009,YR2009,Cambodia,KHM,..
2009,YR2009,Cameroon,CMR,-31.5524086136078
2009,YR2009,Canada,CAN,-52.9111703731263
2009,YR2009,Caribbean small states,CSS,-116.56534312532
2009,YR2009,Cayman Islands,CYM,..
2009,YR2009,Central African Republic,CAF,..
2009,YR2009,Central Europe and the Baltics,CEB,37.3998548351394
2009,YR2009,Chad,TCD,-217.458325864851
2009,YR2009,Channel Islands,CHI,..
2009,YR2009,Chile,CHL,70.2435930726474
2009,YR2009,China,CHN,12.0784803208113
2009,YR2009,Colombia,COL,-216.447263669203
2009,YR2009,Comoros,COM,..
2009,YR2009,"Congo, Dem. Rep.",COD,-3.47526600686076
2009,YR2009,"Congo, Rep.",COG,-922.442643817331
2009,YR2009,Costa Rica,CRI,51.8884763483632
2009,YR2009,Cote d'Ivoire,CIV,-15.8652585041117
2009,YR2009,Croatia,HRV,46.6350239968122
2009,YR2009,Cuba,CUB,55.537393943701
2009,YR2009,Curacao,CUW,196.991875946657
2009,YR2009,Cyprus,CYP,..
2009,YR2009,Czechia,CZE,27.0007812495618
2009,YR2009,Denmark,DNK,-20.2421472708549
2009,YR2009,Djibouti,DJI,..
2009,YR2009,Dominica,DMA,..
2009,YR2009,Dominican Republic,DOM,..
2009,YR2009,Early-demographic dividend,EAR,-33.7968216639559
2009,YR2009,East Asia & Pacific,EAS,19.6763332956762
2009,YR2009,East Asia & Pacific (excluding high income),EAP,5.18270839771974
2009,YR2009,East Asia & Pacific (IDA & IBRD countries),TEA,5.25260086452816
2009,YR2009,Ecuador,ECU,-118.843782376383
2009,YR2009,"Egypt, Arab Rep.",EGY,-16.9654067497651
2009,YR2009,El Salvador,SLV,50.9657352991719
2009,YR2009,Equatorial Guinea,GNQ,-1274.82459760627
2009,YR2009,Eritrea,ERI,..
2009,YR2009,Estonia,EST,28.3322327077519
2009,YR2009,Eswatini,SWZ,12.9679492747329
2009,YR2009,Ethiopia,ETH,..
2009,YR2009,Euro area,EMU,66.5863142882565
2009,YR2009,Europe & Central Asia,ECS,7.45536067491268
2009,YR2009,Europe & Central Asia (excluding high income),ECA,-4.30137013636846
2009,YR2009,Europe & Central Asia (IDA & IBRD countries),TEC,-41.4719146097862
2009,YR2009,European Union,EUU,60.0320357366487
2009,YR2009,Faroe Islands,FRO,..
2009,YR2009,Fiji,FJI,..
2009,YR2009,Finland,FIN,55.4425831331919
2009,YR2009,France,FRA,52.4461795511117
2009,YR2009,French Polynesia,PYF,..
2009,YR2009,Gabon,GAB,-240.008745541617
2009,YR2009,"Gambia, The",GMB,..
2009,YR2009,Georgia,GEO,63.0552019442193
2009,YR2009,Germany,DEU,63.2780731769109
2009,YR2009,Ghana,GHA,47.8609316332505
2009,YR2009,Gibraltar,GIB,..
2009,YR2009,Greece,GRC,75.2206016954779
2009,YR2009,Greenland,GRL,..
2009,YR2009,Grenada,GRD,..
2009,YR2009,Guam,GUM,..
2009,YR2009,Guatemala,GTM,32.3197901793305
2009,YR2009,Guinea,GIN,..
2009,YR2009,Guinea-Bissau,GNB,..
2009,YR2009,Guyana,GUY,..
2009,YR2009,Haiti,HTI,..
2009,YR2009,Heavily indebted poor countries (HIPC),HPC,..
2009,YR2009,High income,HIC,9.29756196161219
2009,YR2009,Honduras,HND,49.1021821817695
2009,YR2009,"Hong Kong SAR, China",HKG,209.037278690779
2009,YR2009,Hungary,HUN,58.1696669826863
2009,YR2009,IBRD only,IBD,-16.0381346600251
2009,YR2009,Iceland,ISL,20.4889143459192
2009,YR2009,IDA & IBRD total,IBT,-17.315098861036
2009,YR2009,IDA blend,IDB,-56.563545764665
2009,YR2009,IDA only,IDX,-12.3648424253176
2009,YR2009,IDA total,IDA,-35.9482883520655
2009,YR2009,India,IND,29.3426479119283
2009,YR2009,Indonesia,IDN,-92.4269662627062
2009,YR2009,"Iran, Islamic Rep.",IRN,-60.4088381691115
2009,YR2009,Iraq,IRQ,-309.52116479381
2009,YR2009,Ireland,IRL,92.7390811597422
2009,YR2009,Isle of Man,IMN,..
2009,YR2009,Israel,ISR,90.1621750007213
2009,YR2009,Italy,ITA,83.3030445890869
2009,YR2009,Jamaica,JAM,103.838077353586
2009,YR2009,Japan,JPN,80.6163392901148
2009,YR2009,Jordan,JOR,100.587977211079
2009,YR2009,Kazakhstan,KAZ,-133.331514766138
2009,YR2009,Kenya,KEN,22.5742313102895
2009,YR2009,Kiribati,KIR,..
2009,YR2009,"Korea, Dem. People's Rep.",PRK,-4.76872997919131
2009,YR2009,"Korea, Rep.",KOR,86.2663997166972
2009,YR2009,Kosovo,XKX,..
2009,YR2009,Kuwait,KWT,-341.337129762914
2009,YR2009,Kyrgyz Republic,KGZ,70.2891590209004
2009,YR2009,Lao PDR,LAO,18.987134311235
2009,YR2009,Late-demographic dividend,LTE,-17.7969179664921
2009,YR2009,Latin America & Caribbean,LCN,-32.0852499349018
2009,YR2009,Latin America & Caribbean (excluding high income),LAC,-37.0184106442769
2009,YR2009,Latin America & the Caribbean (IDA & IBRD countries),TLA,-33.9252774920811
2009,YR2009,Latvia,LVA,65.5122850789174
2009,YR2009,Least developed countries: UN classification,LDC,-78.1053960511071
2009,YR2009,Lebanon,LBN,..
2009,YR2009,Lesotho,LSO,..
2009,YR2009,Liberia,LBR,..
2009,YR2009,Libya,LBY,-466.668732452052
2009,YR2009,Liechtenstein,LIE,..
2009,YR2009,Lithuania,LTU,49.9910095952138
2009,YR2009,Low & middle income,LMY,-10.9971465849486
2009,YR2009,Low income,LIC,-31.1081264637757
2009,YR2009,Lower middle income,LMC,-14.4189374844354
2009,YR2009,Luxembourg,LUX,107.847712063664
2009,YR2009,"Macao SAR, China",MAC,..
2009,YR2009,Madagascar,MDG,..
2009,YR2009,Malawi,MWI,..
2009,YR2009,Malaysia,MYS,-26.4776718308934
2009,YR2009,Maldives,MDV,..
2009,YR2009,Mali,MLI,..
2009,YR2009,Malta,MLT,251.622943530457
2009,YR2009,Marshall Islands,MHL,..
2009,YR2009,Mauritania,MRT,..
2009,YR2009,Mauritius,MUS,..
2009,YR2009,Mexico,MEX,-23.0867182063229
2009,YR2009,"Micronesia, Fed. Sts.",FSM,..
2009,YR2009,"Middle East, North Africa, Afghanistan & Pakistan",MEA,-125.598626929994
2009,YR2009,"Middle East, North Africa, Afghanistan & Pakistan (excluding high income)",MNA,-75.3948852050669
2009,YR2009,"Middle East, North Africa, Afghanistan & Pakistan (IDA & IBRD)",TMN,-75.3948852050669
2009,YR2009,Middle income,MIC,-10.5605615899548
2009,YR2009,Moldova,MDA,96.9593555693894
2009,YR2009,Monaco,MCO,..
2009,YR2009,Mongolia,MNG,-117.295508893766
2009,YR2009,Montenegro,MNE,43.0988224772694
2009,YR2009,Morocco,MAR,93.6050324349229
2009,YR2009,Mozambique,MOZ,-25.209169889047
2009,YR2009,Myanmar,MMR,-54.236065595924
2009,YR2009,Namibia,NAM,70.9659730867271
2009,YR2009,Naoero,NRU,..
2009,YR2009,Nepal,NPL,12.1040642262366
2009,YR2009,Netherlands,NLD,41.8431645060824
2009,YR2009,New Caledonia,NCL,..
2009,YR2009,New Zealand,NZL,19.5158384238172
2009,YR2009,Nicaragua,NIC,47.6173573520275
2009,YR2009,Niger,NER,17.7432760013852
2009,YR2009,Nigeria,NGA,-270.908246882827
2009,YR2009,North America,NAC,17.4906024465804
2009,YR2009,North Macedonia,MKD,45.1766920800223
2009,YR2009,Northern Mariana Islands,MNP,..
2009,YR2009,Norway,NOR,-626.358980495393
2009,YR2009,Not classified,INX,..
2009,YR2009,OECD members,OED,29.9736605415982
2009,YR2009,Oman,OMN,-286.981730301876
2009,YR2009,Other small states,OSS,-65.5178293677094
2009,YR2009,Pacific island small states,PSS,..
2009,YR2009,Pakistan,PAK,23.8982515314628
2009,YR2009,Palau,PLW,..
2009,YR2009,Panama,PAN,169.452795226855
2009,YR2009,Papua New Guinea,PNG,..
2009,YR2009,Paraguay,PRY,-56.1275652679616
2009,YR2009,Peru,PER,15.2526324890753
2009,YR2009,Philippines,PHL,37.4439336460678
2009,YR2009,Poland,POL,32.1546543169306
2009,YR2009,Portugal,PRT,85.7463171863979
2009,YR2009,Post-demographic dividend,PST,34.075810739738
2009,YR2009,Pre-demographic dividend,PRE,-177.72764015156
2009,YR2009,Puerto Rico (US),PRI,..
2009,YR2009,Qatar,QAT,-484.921921581576
2009,YR2009,Romania,ROU,19.8753716534027
2009,YR2009,Russian Federation,RUS,-83.1446934737547
2009,YR2009,Rwanda,RWA,6.7631802000339
2009,YR2009,Samoa,WSM,..
2009,YR2009,San Marino,SMR,..
2009,YR2009,Sao Tome and Principe,STP,..
2009,YR2009,Saudi Arabia,SAU,-197.276525003426
2009,YR2009,Senegal,SEN,49.7455672801428
2009,YR2009,Serbia,SRB,32.388555676533
2009,YR2009,Seychelles,SYC,..
2009,YR2009,Sierra Leone,SLE,..
2009,YR2009,Singapore,SGP,256.852513663809
2009,YR2009,Sint Maarten (Dutch part),SXM,..
2009,YR2009,Slovak Republic,SVK,67.2341888731788
2009,YR2009,Slovenia,SVN,48.2930177846054
2009,YR2009,Small states,SST,-93.2945932664742
2009,YR2009,Solomon Islands,SLB,..
2009,YR2009,"Somalia, Fed. Rep.",SOM,..
2009,YR2009,South Africa,ZAF,-2.21746218763465
2009,YR2009,South Asia,SAS,28.4605148819903
2009,YR2009,South Asia (IDA & IBRD),TSA,28.4605148819903
2009,YR2009,South Sudan,SSD,..
2009,YR2009,Spain,ESP,86.4856561024085
2009,YR2009,Sri Lanka,LKA,..
2009,YR2009,St. Kitts and Nevis,KNA,..
2009,YR2009,St. Lucia,LCA,..
2009,YR2009,St. Martin (French part),MAF,..
2009,YR2009,St. Vincent and the Grenadines,VCT,..
2009,YR2009,Sub-Saharan Africa,SSF,-81.0561617950405
2009,YR2009,Sub-Saharan Africa (excluding high income),SSA,-81.0561617950406
2009,YR2009,Sub-Saharan Africa (IDA & IBRD countries),TSS,-81.0561617950406
2009,YR2009,Sudan,SDN,-110.749524446191
2009,YR2009,Suriname,SUR,-44.2464512231954
2009,YR2009,Sweden,SWE,39.4899565134968
2009,YR2009,Switzerland,CHE,58.3544489948708
2009,YR2009,Syrian Arab Republic,SYR,-11.945458122647
2009,YR2009,Tajikistan,TJK,31.0954776121077
2009,YR2009,Tanzania,TZA,..
2009,YR2009,Thailand,THA,44.6820782033473
2009,YR2009,Timor-Leste,TLS,..
2009,YR2009,Togo,TGO,..
2009,YR2009,Tonga,TON,..
2009,YR2009,Trinidad and Tobago,TTO,-119.025874603737
2009,YR2009,Tunisia,TUN,19.0684187056851
2009,YR2009,Turkiye,TUR,71.5993831278916
2009,YR2009,Turkmenistan,TKM,-104.281485128895
2009,YR2009,Turks and Caicos Islands,TCA,..
2009,YR2009,Tuvalu,TUV,..
2009,YR2009,Uganda,UGA,8.38250667799345
2009,YR2009,Ukraine,UKR,36.1671153829289
2009,YR2009,United Arab Emirates,ARE,-151.936703989788
2009,YR2009,United Kingdom,GBR,28.8662790662214
2009,YR2009,United States,USA,25.9120016993863
2009,YR2009,Upper middle income,UMC,-9.52711581411923
2009,YR2009,Uruguay,URY,75.0503191672895
2009,YR2009,Uzbekistan,UZB,-30.1400653523456
2009,YR2009,Vanuatu,VUT,..
2009,YR2009,"Venezuela, RB",VEN,-220.744897997542
2009,YR2009,Viet Nam,VNM,-26.0471052534672
2009,YR2009,Virgin Islands (U.S.),VIR,..
2009,YR2009,West Bank and Gaza,PSE,..
2009,YR2009,World,WLD,-0.128936444777584
2009,YR2009,"Yemen, Rep.",YEM,-84.0895967023107
2009,YR2009,Zambia,ZMB,9.78868010737335
2009,YR2009,Zimbabwe,ZWE,10.3510343208438
2010,YR2010,Afghanistan,AFG,..
2010,YR2010,Africa Eastern and Southern,AFE,-49.1323847919529
2010,YR2010,Africa Western and Central,AFW,-175.866761068201
2010,YR2010,Albania,ALB,28.9622144211035
2010,YR2010,Algeria,DZA,-268.12382605824
2010,YR2010,American Samoa,ASM,..
2010,YR2010,Andorra,AND,..
2010,YR2010,Angola,AGO,-745.524556600854
2010,YR2010,Antigua and Barbuda,ATG,..
2010,YR2010,Arab World,ARB,-177.248700502716
2010,YR2010,Argentina,ARG,-2.40216761508806
2010,YR2010,Armenia,ARM,69.6401092559821
2010,YR2010,Aruba,ABW,..
2010,YR2010,Australia,AUS,-146.708346775748
2010,YR2010,Austria,AUT,64.3155771593729
2010,YR2010,Azerbaijan,AZE,-457.069329810487
2010,YR2010,"Bahamas, The",BHS,..
2010,YR2010,Bahrain,BHR,-53.4070568018658
2010,YR2010,Bangladesh,BGD,14.4544547917684
2010,YR2010,Barbados,BRB,..
2010,YR2010,Belarus,BLR,84.9797087734985
2010,YR2010,Belgium,BEL,89.3459840076381
2010,YR2010,Belize,BLZ,..
2010,YR2010,Benin,BEN,49.3056672564474
2010,YR2010,Bermuda,BMU,..
2010,YR2010,Bhutan,BTN,..
2010,YR2010,Bolivia,BOL,-148.351640109653
2010,YR2010,Bosnia and Herzegovina,BIH,31.1960819719857
2010,YR2010,Botswana,BWA,47.9274692159816
2010,YR2010,Brazil,BRA,9.46056380844546
2010,YR2010,British Virgin Islands,VGB,..
2010,YR2010,Brunei Darussalam,BRN,-472.228035785347
2010,YR2010,Bulgaria,BGR,40.8526500117372
2010,YR2010,Burkina Faso,BFA,..
2010,YR2010,Burundi,BDI,..
2010,YR2010,Cabo Verde,CPV,..
2010,YR2010,Cambodia,KHM,..
2010,YR2010,Cameroon,CMR,-23.2008838302038
2010,YR2010,Canada,CAN,-55.1422384877185
2010,YR2010,Caribbean small states,CSS,-108.642469303531
2010,YR2010,Cayman Islands,CYM,..
2010,YR2010,Central African Republic,CAF,..
2010,YR2010,Central Europe and the Baltics,CEB,36.667836947792
2010,YR2010,Chad,TCD,-225.612876380023
2010,YR2010,Channel Islands,CHI,..
2010,YR2010,Chile,CHL,72.2704435137372
2010,YR2010,China,CHN,13.5822901864238
2010,YR2010,Colombia,COL,-245.91526329492
2010,YR2010,Comoros,COM,..
2010,YR2010,"Congo, Dem. Rep.",COD,-2.18327434649638
2010,YR2010,"Congo, Rep.",COG,-934.279525763795
2010,YR2010,Costa Rica,CRI,53.2435695538058
2010,YR2010,Cote d'Ivoire,CIV,-10.2835483342577
2010,YR2010,Croatia,HRV,47.3492062278039
2010,YR2010,Cuba,CUB,61.5043321841438
2010,YR2010,Curacao,CUW,210.138498160571
2010,YR2010,Cyprus,CYP,..
2010,YR2010,Czechia,CZE,25.5549110554583
2010,YR2010,Denmark,DNK,-17.6326513531906
2010,YR2010,Djibouti,DJI,..
2010,YR2010,Dominica,DMA,..
2010,YR2010,Dominican Republic,DOM,..
2010,YR2010,Early-demographic dividend,EAR,-32.3709706088281
2010,YR2010,East Asia & Pacific,EAS,20.3563928742996
2010,YR2010,East Asia & Pacific (excluding high income),EAP,6.54766802012789
2010,YR2010,East Asia & Pacific (IDA & IBRD countries),TEA,6.65242275462008
2010,YR2010,Ecuador,ECU,-106.152261533207
2010,YR2010,"Egypt, Arab Rep.",EGY,-15.282542001041
2010,YR2010,El Salvador,SLV,49.3751870486129
2010,YR2010,Equatorial Guinea,GNQ,-1169.22619843427
2010,YR2010,Eritrea,ERI,..
2010,YR2010,Estonia,EST,15.411623357119
2010,YR2010,Eswatini,SWZ,12.8511578893258
2010,YR2010,Ethiopia,ETH,..
2010,YR2010,Euro area,EMU,64.8416548041193
2010,YR2010,Europe & Central Asia,ECS,6.9244144780562
2010,YR2010,Europe & Central Asia (excluding high income),ECA,-2.8100767865238
2010,YR2010,Europe & Central Asia (IDA & IBRD countries),TEC,-40.86104318402
2010,YR2010,European Union,EUU,58.4694101991027
2010,YR2010,Faroe Islands,FRO,..
2010,YR2010,Fiji,FJI,..
2010,YR2010,Finland,FIN,49.3260835317811
2010,YR2010,France,FRA,50.3709944013574
2010,YR2010,French Polynesia,PYF,..
2010,YR2010,Gabon,GAB,-243.263320514085
2010,YR2010,"Gambia, The",GMB,..
2010,YR2010,Georgia,GEO,59.2294276928725
2010,YR2010,Germany,DEU,62.0536486295109
2010,YR2010,Ghana,GHA,49.2739443220103
2010,YR2010,Gibraltar,GIB,..
2010,YR2010,Greece,GRC,76.9932416098575
2010,YR2010,Greenland,GRL,..
2010,YR2010,Grenada,GRD,..
2010,YR2010,Guam,GUM,..
2010,YR2010,Guatemala,GTM,29.0617474187329
2010,YR2010,Guinea,GIN,..
2010,YR2010,Guinea-Bissau,GNB,..
2010,YR2010,Guyana,GUY,..
2010,YR2010,Haiti,HTI,..
2010,YR2010,Heavily indebted poor countries (HIPC),HPC,..
2010,YR2010,High income,HIC,8.2341562323517
2010,YR2010,Honduras,HND,48.8027481909099
2010,YR2010,"Hong Kong SAR, China",HKG,234.044423378603
2010,YR2010,Hungary,HUN,57.0134955817981
2010,YR2010,IBRD only,IBD,-14.1969561441454
2010,YR2010,Iceland,ISL,..
2010,YR2010,IDA & IBRD total,IBT,-15.6066609720208
2010,YR2010,IDA blend,IDB,-55.8439971145164
2010,YR2010,IDA only,IDX,-13.1706386677717
2010,YR2010,IDA total,IDA,-36.1289434860377
2010,YR2010,India,IND,30.2219214810602
2010,YR2010,Indonesia,IDN,-103.509561901494
2010,YR2010,"Iran, Islamic Rep.",IRN,-64.1137053411789
2010,YR2010,Iraq,IRQ,-274.591134586161
2010,YR2010,Ireland,IRL,92.1237859436341
2010,YR2010,Isle of Man,IMN,..
2010,YR2010,Israel,ISR,88.2876289296525
2010,YR2010,Italy,ITA,85.4618786500618
2010,YR2010,Jamaica,JAM,101.354464569431
2010,YR2010,Japan,JPN,81.7425349206212
2010,YR2010,Jordan,JOR,103.196812266721
2010,YR2010,Kazakhstan,KAZ,-123.587021794579
2010,YR2010,Kenya,KEN,22.4882652643265
2010,YR2010,Kiribati,KIR,..
2010,YR2010,"Korea, Dem. People's Rep.",PRK,-10.2756955914115
2010,YR2010,"Korea, Rep.",KOR,88.0806254621201
2010,YR2010,Kosovo,XKX,..
2010,YR2010,Kuwait,KWT,-308.021563767705
2010,YR2010,Kyrgyz Republic,KGZ,64.8032964649748
2010,YR2010,Lao PDR,LAO,3.40667328558261
2010,YR2010,Late-demographic dividend,LTE,-16.413462119285
2010,YR2010,Latin America & Caribbean,LCN,-27.705957096568
2010,YR2010,Latin America & Caribbean (excluding high income),LAC,-32.2182506426742
2010,YR2010,Latin America & the Caribbean (IDA & IBRD countries),TLA,-29.4939099329573
2010,YR2010,Latvia,LVA,49.2063912522913
2010,YR2010,Least developed countries: UN classification,LDC,-78.7290791950899
2010,YR2010,Lebanon,LBN,..
2010,YR2010,Lesotho,LSO,..
2010,YR2010,Liberia,LBR,..
2010,YR2010,Libya,LBY,-404.483696449594
2010,YR2010,Liechtenstein,LIE,..
2010,YR2010,Lithuania,LTU,81.9343387125181
2010,YR2010,Low & middle income,LMY,-9.05250156222598
2010,YR2010,Low income,LIC,-38.1430545303954
2010,YR2010,Lower middle income,LMC,-11.3405801572772
2010,YR2010,Luxembourg,LUX,106.959853952716
2010,YR2010,"Macao SAR, China",MAC,..
2010,YR2010,Madagascar,MDG,..
2010,YR2010,Malawi,MWI,..
2010,YR2010,Malaysia,MYS,-19.4840823578216
2010,YR2010,Maldives,MDV,..
2010,YR2010,Mali,MLI,..
2010,YR2010,Malta,MLT,282.243682876107
2010,YR2010,Marshall Islands,MHL,..
2010,YR2010,Mauritania,MRT,..
2010,YR2010,Mauritius,MUS,..
2010,YR2010,Mexico,MEX,-22.4516124231103
2010,YR2010,"Micronesia, Fed. Sts.",FSM,..
2010,YR2010,"Middle East, North Africa, Afghanistan & Pakistan",MEA,-125.609095142902
2010,YR2010,"Middle East, North Africa, Afghanistan & Pakistan (excluding high income)",MNA,-75.6508728667831
2010,YR2010,"Middle East, North Africa, Afghanistan & Pakistan (IDA & IBRD)",TMN,-75.6508728667831
2010,YR2010,Middle income,MIC,-8.47025648456078
2010,YR2010,Moldova,MDA,84.3725375888069
2010,YR2010,Monaco,MCO,..
2010,YR2010,Mongolia,MNG,-277.861458809575
2010,YR2010,Montenegro,MNE,26.4911463187326
2010,YR2010,Morocco,MAR,95.9270968941792
2010,YR2010,Mozambique,MOZ,-28.8061339832341
2010,YR2010,Myanmar,MMR,-63.3477489581913
2010,YR2010,Namibia,NAM,75.5325602759433
2010,YR2010,Naoero,NRU,..
2010,YR2010,Nepal,NPL,13.8519622268122
2010,YR2010,Netherlands,NLD,34.0417840913717
2010,YR2010,New Caledonia,NCL,..
2010,YR2010,New Zealand,NZL,16.1033181415654
2010,YR2010,Nicaragua,NIC,43.5613333753029
2010,YR2010,Niger,NER,20.0233502211845
2010,YR2010,Nigeria,NGA,-225.738129183367
2010,YR2010,North America,NAC,15.7506901182603
2010,YR2010,North Macedonia,MKD,44.1945197730714
2010,YR2010,Northern Mariana Islands,MNP,..
2010,YR2010,Norway,NOR,-557.915249004105
2010,YR2010,Not classified,INX,..
2010,YR2010,OECD members,OED,29.3636623087377
2010,YR2010,Oman,OMN,-253.019417151175
2010,YR2010,Other small states,OSS,..
2010,YR2010,Pacific island small states,PSS,..
2010,YR2010,Pakistan,PAK,24.1654977748004
2010,YR2010,Palau,PLW,..
2010,YR2010,Panama,PAN,167.293462718476
2010,YR2010,Papua New Guinea,PNG,..
2010,YR2010,Paraguay,PRY,-48.2957341679954
2010,YR2010,Peru,PER,1.60245593790481
2010,YR2010,Philippines,PHL,42.6253482214275
2010,YR2010,Poland,POL,31.9515862158444
2010,YR2010,Portugal,PRT,79.4991569273738
2010,YR2010,Post-demographic dividend,PST,33.3506130406398
2010,YR2010,Pre-demographic dividend,PRE,-166.72917323185
2010,YR2010,Puerto Rico (US),PRI,..
2010,YR2010,Qatar,QAT,-552.964982586372
2010,YR2010,Romania,ROU,21.3829496176522
2010,YR2010,Russian Federation,RUS,-82.9133267590228
2010,YR2010,Rwanda,RWA,6.71490343803055
2010,YR2010,Samoa,WSM,..
2010,YR2010,San Marino,SMR,..
2010,YR2010,Sao Tome and Principe,STP,..
2010,YR2010,Saudi Arabia,SAU,-174.572051159403
2010,YR2010,Senegal,SEN,53.0348084659788
2010,YR2010,Serbia,SRB,33.4695734620312
2010,YR2010,Seychelles,SYC,..
2010,YR2010,Sierra Leone,SLE,..
2010,YR2010,Singapore,SGP,278.36489282559
2010,YR2010,Sint Maarten (Dutch part),SXM,..
2010,YR2010,Slovak Republic,SVK,61.280218952637
2010,YR2010,Slovenia,SVN,48.6957623237549
2010,YR2010,Small states,SST,-104.201743484347
2010,YR2010,Solomon Islands,SLB,..
2010,YR2010,"Somalia, Fed. Rep.",SOM,..
2010,YR2010,South Africa,ZAF,-13.6296516132212
2010,YR2010,South Asia,SAS,29.4871178052997
2010,YR2010,South Asia (IDA & IBRD),TSA,29.4871178052997
2010,YR2010,South Sudan,SSD,..
2010,YR2010,Spain,ESP,83.5331241402752
2010,YR2010,Sri Lanka,LKA,41.9141227447428
2010,YR2010,St. Kitts and Nevis,KNA,..
2010,YR2010,St. Lucia,LCA,..
2010,YR2010,St. Martin (French part),MAF,..
2010,YR2010,St. Vincent and the Grenadines,VCT,..
2010,YR2010,Sub-Saharan Africa,SSF,-86.0527318286905
2010,YR2010,Sub-Saharan Africa (excluding high income),SSA,-86.0527318286905
2010,YR2010,Sub-Saharan Africa (IDA & IBRD countries),TSS,-86.0527318286905
2010,YR2010,Sudan,SDN,-121.692816693946
2010,YR2010,Suriname,SUR,-19.3739152792955
2010,YR2010,Sweden,SWE,39.0838376725614
2010,YR2010,Switzerland,CHE,57.4678038269866
2010,YR2010,Syrian Arab Republic,SYR,-20.1756300853343
2010,YR2010,Tajikistan,TJK,30.4959711945902
2010,YR2010,Tanzania,TZA,..
2010,YR2010,Thailand,THA,43.659469263271
2010,YR2010,Timor-Leste,TLS,..
2010,YR2010,Togo,TGO,..
2010,YR2010,Tonga,TON,..
2010,YR2010,Trinidad and Tobago,TTO,-111.994535321279
2010,YR2010,Tunisia,TUN,20.1327808535579
2010,YR2010,Turkiye,TUR,71.8113675930831
2010,YR2010,Turkmenistan,TKM,-105.87146132324
2010,YR2010,Turks and Caicos Islands,TCA,..
2010,YR2010,Tuvalu,TUV,..
2010,YR2010,Uganda,UGA,8.88049614097014
2010,YR2010,Ukraine,UKR,31.6525165328535
2010,YR2010,United Arab Emirates,ARE,-174.858852041957
2010,YR2010,United Kingdom,GBR,30.8469247142087
2010,YR2010,United States,USA,24.0850218737468
2010,YR2010,Upper middle income,UMC,-7.71364993244142
2010,YR2010,Uruguay,URY,62.7352182074142
2010,YR2010,Uzbekistan,UZB,-20.0851490901407
2010,YR2010,Vanuatu,VUT,..
2010,YR2010,"Venezuela, RB",VEN,-166.820270959998
2010,YR2010,Viet Nam,VNM,-12.6270709461704
2010,YR2010,Virgin Islands (U.S.),VIR,..
2010,YR2010,West Bank and Gaza,PSE,..
2010,YR2010,World,WLD,0.0528503040913451
2010,YR2010,"Yemen, Rep.",YEM,-141.854525433579
2010,YR2010,Zambia,ZMB,9.93768894495314
2010,YR2010,Zimbabwe,ZWE,10.5915660855312
2011,YR2011,Afghanistan,AFG,..
2011,YR2011,Africa Eastern and Southern,AFE,-35.6488421840166
2011,YR2011,Africa Western and Central,AFW,-160.433210904636
2011,YR2011,Albania,ALB,35.8947695672217
2011,YR2011,Algeria,DZA,-243.485766347523
2011,YR2011,American Samoa,ASM,..
2011,YR2011,Andorra,AND,..
2011,YR2011,Angola,AGO,-646.021743098799
2011,YR2011,Antigua and Barbuda,ATG,..
2011,YR2011,Arab World,ARB,-181.097813682297
2011,YR2011,Argentina,ARG,7.23741684026606
2011,YR2011,Armenia,ARM,69.0180110458366
2011,YR2011,Aruba,ABW,..
2011,YR2011,Australia,AUS,-141.942926034157
2011,YR2011,Austria,AUT,71.8927591559524
2011,YR2011,Azerbaijan,AZE,-377.980203781313
2011,YR2011,"Bahamas, The",BHS,..
2011,YR2011,Bahrain,BHR,-58.3146936157164
2011,YR2011,Bangladesh,BGD,17.4646380499939
2011,YR2011,Barbados,BRB,..
2011,YR2011,Belarus,BLR,84.1461626488708
2011,YR2011,Belgium,BEL,86.7783531479186
2011,YR2011,Belize,BLZ,..
2011,YR2011,Benin,BEN,..
2011,YR2011,Bermuda,BMU,..
2011,YR2011,Bhutan,BTN,..
2011,YR2011,Bolivia,BOL,-148.439247371952
2011,YR2011,Bosnia and Herzegovina,BIH,33.9948257189844
2011,YR2011,Botswana,BWA,50.5195938014883
2011,YR2011,Brazil,BRA,10.7016076437075
2011,YR2011,British Virgin Islands,VGB,..
2011,YR2011,Brunei Darussalam,BRN,-376.268281253854
2011,YR2011,Bulgaria,BGR,37.2374823379259
2011,YR2011,Burkina Faso,BFA,..
2011,YR2011,Burundi,BDI,..
2011,YR2011,Cabo Verde,CPV,..
2011,YR2011,Cambodia,KHM,..
2011,YR2011,Cameroon,CMR,-13.2588513698005
2011,YR2011,Canada,CAN,-56.2929960098296
2011,YR2011,Caribbean small states,CSS,-97.4193578251322
2011,YR2011,Cayman Islands,CYM,..
2011,YR2011,Central African Republic,CAF,..
2011,YR2011,Central Europe and the Baltics,CEB,37.4681676839872
2011,YR2011,Chad,TCD,-183.961857558453
2011,YR2011,Channel Islands,CHI,..
2011,YR2011,Chile,CHL,73.8311740907948
2011,YR2011,China,CHN,14.7187375691953
2011,YR2011,Colombia,COL,-284.184501762768
2011,YR2011,Comoros,COM,..
2011,YR2011,"Congo, Dem. Rep.",COD,-1.47747184121823
2011,YR2011,"Congo, Rep.",COG,-632.162691406374
2011,YR2011,Costa Rica,CRI,54.3483819791988
2011,YR2011,Cote d'Ivoire,CIV,-6.36443400079664
2011,YR2011,Croatia,HRV,50.4585766761611
2011,YR2011,Cuba,CUB,57.4103613439155
2011,YR2011,Curacao,CUW,201.886313465784
2011,YR2011,Cyprus,CYP,..
2011,YR2011,Czechia,CZE,28.8847208274286
2011,YR2011,Denmark,DNK,-6.93017735083453
2011,YR2011,Djibouti,DJI,..
2011,YR2011,Dominica,DMA,..
2011,YR2011,Dominican Republic,DOM,..
2011,YR2011,Early-demographic dividend,EAR,-31.7960078838466
2011,YR2011,East Asia & Pacific,EAS,20.4192083479934
2011,YR2011,East Asia & Pacific (excluding high income),EAP,6.57662518328259
2011,YR2011,East Asia & Pacific (IDA & IBRD countries),TEA,6.79678502008453
2011,YR2011,Ecuador,ECU,-104.74999912581
2011,YR2011,"Egypt, Arab Rep.",EGY,-9.09167679579822
2011,YR2011,El Salvador,SLV,49.699279630301
2011,YR2011,Equatorial Guinea,GNQ,-1056.05014510807
2011,YR2011,Eritrea,ERI,..
2011,YR2011,Estonia,EST,14.3265507110903
2011,YR2011,Eswatini,SWZ,23.4195034553366
2011,YR2011,Ethiopia,ETH,7.07678095017151
2011,YR2011,Euro area,EMU,65.6408280280561
2011,YR2011,Europe & Central Asia,ECS,7.25950480677485
2011,YR2011,Europe & Central Asia (excluding high income),ECA,-1.18245543508219
2011,YR2011,Europe & Central Asia (IDA & IBRD countries),TEC,-38.9765170928171
2011,YR2011,European Union,EUU,59.2717316997394
2011,YR2011,Faroe Islands,FRO,..
2011,YR2011,Fiji,FJI,..
2011,YR2011,Finland,FIN,54.5356936563487
2011,YR2011,France,FRA,50.7669129831527
2011,YR2011,French Polynesia,PYF,..
2011,YR2011,Gabon,GAB,-274.270801709442
2011,YR2011,"Gambia, The",GMB,..
2011,YR2011,Georgia,GEO,69.4961963735842
2011,YR2011,Germany,DEU,63.9626026669831
2011,YR2011,Ghana,GHA,7.61456684008141
2011,YR2011,Gibraltar,GIB,..
2011,YR2011,Greece,GRC,73.1050157089062
2011,YR2011,Greenland,GRL,..
2011,YR2011,Grenada,GRD,..
2011,YR2011,Guam,GUM,..
2011,YR2011,Guatemala,GTM,29.8869749988699
2011,YR2011,Guinea,GIN,..
2011,YR2011,Guinea-Bissau,GNB,..
2011,YR2011,Guyana,GUY,..
2011,YR2011,Haiti,HTI,..
2011,YR2011,Heavily indebted poor countries (HIPC),HPC,-23.8794093357874
2011,YR2011,High income,HIC,5.47206096857092
2011,YR2011,Honduras,HND,51.8315085774272
2011,YR2011,"Hong Kong SAR, China",HKG,207.103744535007
2011,YR2011,Hungary,HUN,50.4161946601092
2011,YR2011,IBRD only,IBD,-11.92129584926
2011,YR2011,Iceland,ISL,..
2011,YR2011,IDA & IBRD total,IBT,-13.0458564933346
2011,YR2011,IDA blend,IDB,-46.7123255678751
2011,YR2011,IDA only,IDX,-9.27955253363784
2011,YR2011,IDA total,IDA,-28.3751331817174
2011,YR2011,India,IND,31.1609590704357
2011,YR2011,Indonesia,IDN,-131.576603738043
2011,YR2011,"Iran, Islamic Rep.",IRN,-64.580688618876
2011,YR2011,Iraq,IRQ,-287.892861997924
2011,YR2011,Ireland,IRL,95.5243613808866
2011,YR2011,Isle of Man,IMN,..
2011,YR2011,Israel,ISR,80.9526707855397
2011,YR2011,Italy,ITA,84.1225458006764
2011,YR2011,Jamaica,JAM,102.710219982956
2011,YR2011,Japan,JPN,90.8195974217069
2011,YR2011,Jordan,JOR,97.087936606672
2011,YR2011,Kazakhstan,KAZ,-109.268193109514
2011,YR2011,Kenya,KEN,22.9221515846194
2011,YR2011,Kiribati,KIR,..
2011,YR2011,"Korea, Dem. People's Rep.",PRK,-43.4216974149788
2011,YR2011,"Korea, Rep.",KOR,87.2305405207769
2011,YR2011,Kosovo,XKX,..
2011,YR2011,Kuwait,KWT,-370.745259527575
2011,YR2011,Kyrgyz Republic,KGZ,50.6782498268298
2011,YR2011,Lao PDR,LAO,-9.57720813694753
2011,YR2011,Late-demographic dividend,LTE,-15.529847951505
2011,YR2011,Latin America & Caribbean,LCN,-27.5311919529255
2011,YR2011,Latin America & Caribbean (excluding high income),LAC,-32.8805058094216
2011,YR2011,Latin America & the Caribbean (IDA & IBRD countries),TLA,-29.2222055725737
2011,YR2011,Latvia,LVA,64.4701921728152
2011,YR2011,Least developed countries: UN classification,LDC,-57.649684089923
2011,YR2011,Lebanon,LBN,..
2011,YR2011,Lesotho,LSO,..
2011,YR2011,Liberia,LBR,..
2011,YR2011,Libya,LBY,-95.1939186782023
2011,YR2011,Liechtenstein,LIE,..
2011,YR2011,Lithuania,LTU,81.4974503138078
2011,YR2011,Low & middle income,LMY,-6.70018980070065
2011,YR2011,Low income,LIC,-28.6089751176177
2011,YR2011,Lower middle income,LMC,-8.39056588410971
2011,YR2011,Luxembourg,LUX,106.676610432954
2011,YR2011,"Macao SAR, China",MAC,..
2011,YR2011,Madagascar,MDG,..
2011,YR2011,Malawi,MWI,..
2011,YR2011,Malaysia,MYS,-9.86347941634221
2011,YR2011,Maldives,MDV,..
2011,YR2011,Mali,MLI,..
2011,YR2011,Malta,MLT,276.235098578634
2011,YR2011,Marshall Islands,MHL,..
2011,YR2011,Mauritania,MRT,..
2011,YR2011,Mauritius,MUS,..
2011,YR2011,Mexico,MEX,-17.6294162946352
2011,YR2011,"Micronesia, Fed. Sts.",FSM,..
2011,YR2011,"Middle East, North Africa, Afghanistan & Pakistan",MEA,-129.549427116836
2011,YR2011,"Middle East, North Africa, Afghanistan & Pakistan (excluding high income)",MNA,-62.8715799905212
2011,YR2011,"Middle East, North Africa, Afghanistan & Pakistan (IDA & IBRD)",TMN,-62.8715799905213
2011,YR2011,Middle income,MIC,-6.16552736725222
2011,YR2011,Moldova,MDA,85.6389728955029
2011,YR2011,Monaco,MCO,..
2011,YR2011,Mongolia,MNG,-247.871195342836
2011,YR2011,Montenegro,MNE,36.5566940181117
2011,YR2011,Morocco,MAR,95.4355328368665
2011,YR2011,Mozambique,MOZ,-21.5136719015939
2011,YR2011,Myanmar,MMR,-60.7090396601692
2011,YR2011,Namibia,NAM,75.6461249428768
2011,YR2011,Naoero,NRU,..
2011,YR2011,Nepal,NPL,14.3911697584563
2011,YR2011,Netherlands,NLD,36.3083964132339
2011,YR2011,New Caledonia,NCL,..
2011,YR2011,New Zealand,NZL,19.0822060050208
2011,YR2011,Nicaragua,NIC,51.180700927721
2011,YR2011,Niger,NER,..
2011,YR2011,Nigeria,NGA,-184.425082511186
2011,YR2011,North America,NAC,12.3581170004036
2011,YR2011,North Macedonia,MKD,45.4124076202365
2011,YR2011,Northern Mariana Islands,MNP,..
2011,YR2011,Norway,NOR,-620.257885155913
2011,YR2011,Not classified,INX,..
2011,YR2011,OECD members,OED,28.8014324519764
2011,YR2011,Oman,OMN,-211.232617530338
2011,YR2011,Other small states,OSS,..
2011,YR2011,Pacific island small states,PSS,..
2011,YR2011,Pakistan,PAK,23.0335362134322
2011,YR2011,Palau,PLW,..
2011,YR2011,Panama,PAN,163.95340865891
2011,YR2011,Papua New Guinea,PNG,..
2011,YR2011,Paraguay,PRY,-51.1735129678521
2011,YR2011,Peru,PER,-10.5531620513561
2011,YR2011,Philippines,PHL,41.6057341892919
2011,YR2011,Poland,POL,34.2367307395745
2011,YR2011,Portugal,PRT,82.8098570493666
2011,YR2011,Post-demographic dividend,PST,33.0316583548446
2011,YR2011,Pre-demographic dividend,PRE,-152.838502349795
2011,YR2011,Puerto Rico (US),PRI,..
2011,YR2011,Qatar,QAT,-668.988044936118
2011,YR2011,Romania,ROU,21.1373458762379
2011,YR2011,Russian Federation,RUS,-80.5398797468387
2011,YR2011,Rwanda,RWA,7.19147619600107
2011,YR2011,Samoa,WSM,..
2011,YR2011,San Marino,SMR,..
2011,YR2011,Sao Tome and Principe,STP,..
2011,YR2011,Saudi Arabia,SAU,-194.479146834173
2011,YR2011,Senegal,SEN,52.8628402579837
2011,YR2011,Serbia,SRB,30.6598397229168
2011,YR2011,Seychelles,SYC,..
2011,YR2011,Sierra Leone,SLE,..
2011,YR2011,Singapore,SGP,318.370020905262
2011,YR2011,Sint Maarten (Dutch part),SXM,..
2011,YR2011,Slovak Republic,SVK,62.5662681413386
2011,YR2011,Slovenia,SVN,47.7772903770856
2011,YR2011,Small states,SST,-92.7171030664741
2011,YR2011,Solomon Islands,SLB,..
2011,YR2011,"Somalia, Fed. Rep.",SOM,..
2011,YR2011,South Africa,ZAF,-11.5550577098989
2011,YR2011,South Asia,SAS,30.6650864407645
2011,YR2011,South Asia (IDA & IBRD),TSA,30.6650864407645
2011,YR2011,South Sudan,SSD,..
2011,YR2011,Spain,ESP,83.4743805919382
2011,YR2011,Sri Lanka,LKA,54.489881448439
2011,YR2011,St. Kitts and Nevis,KNA,..
2011,YR2011,St. Lucia,LCA,..
2011,YR2011,St. Martin (French part),MAF,..
2011,YR2011,St. Vincent and the Grenadines,VCT,..
2011,YR2011,Sub-Saharan Africa,SSF,-68.8967678706859
2011,YR2011,Sub-Saharan Africa (excluding high income),SSA,-68.8967678706859
2011,YR2011,Sub-Saharan Africa (IDA & IBRD countries),TSS,-68.8967678706859
2011,YR2011,Sudan,SDN,-104.2363703201
2011,YR2011,Suriname,SUR,3.35415813191309
2011,YR2011,Sweden,SWE,38.4576912510901
2011,YR2011,Switzerland,CHE,57.080010476252
2011,YR2011,Syrian Arab Republic,SYR,-13.9866171690521
2011,YR2011,Tajikistan,TJK,30.9671063433857
2011,YR2011,Tanzania,TZA,..
2011,YR2011,Thailand,THA,44.4812321023071
2011,YR2011,Timor-Leste,TLS,..
2011,YR2011,Togo,TGO,..
2011,YR2011,Tonga,TON,..
2011,YR2011,Trinidad and Tobago,TTO,-102.189632394827
2011,YR2011,Tunisia,TUN,25.5655833709984
2011,YR2011,Turkiye,TUR,72.3455243356568
2011,YR2011,Turkmenistan,TKM,-163.934113302291
2011,YR2011,Turks and Caicos Islands,TCA,..
2011,YR2011,Tuvalu,TUV,..
2011,YR2011,Uganda,UGA,9.32670750260223
2011,YR2011,Ukraine,UKR,37.6841419079097
2011,YR2011,United Arab Emirates,ARE,-203.925954383789
2011,YR2011,United Kingdom,GBR,39.4733611206654
2011,YR2011,United States,USA,20.6799127023379
2011,YR2011,Upper middle income,UMC,-5.58948407823019
2011,YR2011,Uruguay,URY,64.4474243415539
2011,YR2011,Uzbekistan,UZB,-13.1387487595104
2011,YR2011,Vanuatu,VUT,..
2011,YR2011,"Venezuela, RB",VEN,-200.44193216855
2011,YR2011,Viet Nam,VNM,-9.67986967598824
2011,YR2011,Virgin Islands (U.S.),VIR,..
2011,YR2011,West Bank and Gaza,PSE,..
2011,YR2011,World,WLD,-0.483310695908976
2011,YR2011,"Yemen, Rep.",YEM,-174.853271998386
2011,YR2011,Zambia,ZMB,10.8894539141657
2011,YR2011,Zimbabwe,ZWE,18.2917966744342
2012,YR2012,Afghanistan,AFG,..
2012,YR2012,Africa Eastern and Southern,AFE,-31.8209938679608
2012,YR2012,Africa Western and Central,AFW,-162.788567402886
2012,YR2012,Albania,ALB,15.7172869864158
2012,YR2012,Algeria,DZA,-209.628599983569
2012,YR2012,American Samoa,ASM,..
2012,YR2012,Andorra,AND,..
2012,YR2012,Angola,AGO,-604.183229225818
2012,YR2012,Antigua and Barbuda,ATG,..
2012,YR2012,Arab World,ARB,-184.587288127463
2012,YR2012,Argentina,ARG,8.11439908863806
2012,YR2012,Armenia,ARM,74.3403810595709
2012,YR2012,Aruba,ABW,..
2012,YR2012,Australia,AUS,-149.195380388504
2012,YR2012,Austria,AUT,65.5205864272438
2012,YR2012,Azerbaijan,AZE,-326.999644782159
2012,YR2012,"Bahamas, The",BHS,..
2012,YR2012,Bahrain,BHR,-56.7750937265929
2012,YR2012,Bangladesh,BGD,18.3559167186151
2012,YR2012,Barbados,BRB,..
2012,YR2012,Belarus,BLR,87.2466128662392
2012,YR2012,Belgium,BEL,86.3428028453572
2012,YR2012,Belize,BLZ,..
2012,YR2012,Benin,BEN,..
2012,YR2012,Bermuda,BMU,..
2012,YR2012,Bhutan,BTN,..
2012,YR2012,Bolivia,BOL,-160.638050669679
2012,YR2012,Bosnia and Herzegovina,BIH,33.2945027300534
2012,YR2012,Botswana,BWA,46.8546288849995
2012,YR2012,Brazil,BRA,12.1359170291353
2012,YR2012,British Virgin Islands,VGB,..
2012,YR2012,Brunei Darussalam,BRN,-378.756554213713
2012,YR2012,Bulgaria,BGR,37.3540172307534
2012,YR2012,Burkina Faso,BFA,..
2012,YR2012,Burundi,BDI,..
2012,YR2012,Cabo Verde,CPV,..
2012,YR2012,Cambodia,KHM,..
2012,YR2012,Cameroon,CMR,-15.0749200676195
2012,YR2012,Canada,CAN,-59.7522549892993
2012,YR2012,Caribbean small states,CSS,-99.6663193793443
2012,YR2012,Cayman Islands,CYM,..
2012,YR2012,Central African Republic,CAF,..
2012,YR2012,Central Europe and the Baltics,CEB,36.051501611759
2012,YR2012,Chad,TCD,-117.292747134953
2012,YR2012,Channel Islands,CHI,..
2012,YR2012,Chile,CHL,67.1384298913492
2012,YR2012,China,CHN,16.5519076203457
2012,YR2012,Colombia,COL,-308.771574616249
2012,YR2012,Comoros,COM,..
2012,YR2012,"Congo, Dem. Rep.",COD,-0.985375313146999
2012,YR2012,"Congo, Rep.",COG,-537.706371501366
2012,YR2012,Costa Rica,CRI,50.2921239753016
2012,YR2012,Cote d'Ivoire,CIV,1.62962792464111
2012,YR2012,Croatia,HRV,50.6392896781353
2012,YR2012,Cuba,CUB,58.1701021022561
2012,YR2012,Curacao,CUW,199.02366481314
2012,YR2012,Cyprus,CYP,..
2012,YR2012,Czechia,CZE,25.4295760668279
2012,YR2012,Denmark,DNK,-3.47302558398239
2012,YR2012,Djibouti,DJI,..
2012,YR2012,Dominica,DMA,..
2012,YR2012,Dominican Republic,DOM,93.2293243109603
2012,YR2012,Early-demographic dividend,EAR,-28.9015238918527
2012,YR2012,East Asia & Pacific,EAS,21.5553119814726
2012,YR2012,East Asia & Pacific (excluding high income),EAP,8.1775923117106
2012,YR2012,East Asia & Pacific (IDA & IBRD countries),TEA,8.39252069103597
2012,YR2012,Ecuador,ECU,-108.890534209378
2012,YR2012,"Egypt, Arab Rep.",EGY,-3.82393802190275
2012,YR2012,El Salvador,SLV,49.5697792926002
2012,YR2012,Equatorial Guinea,GNQ,-1080.40638793447
2012,YR2012,Eritrea,ERI,..
2012,YR2012,Estonia,EST,22.4672758258093
2012,YR2012,Eswatini,SWZ,26.4779954753062
2012,YR2012,Ethiopia,ETH,7.41700069330924
2012,YR2012,Euro area,EMU,64.1141031195972
2012,YR2012,Europe & Central Asia,ECS,6.02880020790489
2012,YR2012,Europe & Central Asia (excluding high income),ECA,-2.5827079537658
2012,YR2012,Europe & Central Asia (IDA & IBRD countries),TEC,-40.1758312264319
2012,YR2012,European Union,EUU,57.6485758772273
2012,YR2012,Faroe Islands,FRO,..
2012,YR2012,Fiji,FJI,..
2012,YR2012,Finland,FIN,47.4849254651914
2012,YR2012,France,FRA,49.9192127548672
2012,YR2012,French Polynesia,PYF,..
2012,YR2012,Gabon,GAB,-296.871093827504
2012,YR2012,"Gambia, The",GMB,..
2012,YR2012,Georgia,GEO,71.4211136890952
2012,YR2012,Germany,DEU,63.4091868018455
2012,YR2012,Ghana,GHA,7.75466134226041
2012,YR2012,Gibraltar,GIB,..
2012,YR2012,Greece,GRC,73.0863184506148
2012,YR2012,Greenland,GRL,..
2012,YR2012,Grenada,GRD,..
2012,YR2012,Guam,GUM,..
2012,YR2012,Guatemala,GTM,30.4311357878281
2012,YR2012,Guinea,GIN,..
2012,YR2012,Guinea-Bissau,GNB,..
2012,YR2012,Guyana,GUY,..
2012,YR2012,Haiti,HTI,..
2012,YR2012,Heavily indebted poor countries (HIPC),HPC,-11.628422602668
2012,YR2012,High income,HIC,3.23104157949207
2012,YR2012,Honduras,HND,51.6646414463211
2012,YR2012,"Hong Kong SAR, China",HKG,202.986835664786
2012,YR2012,Hungary,HUN,50.1848614699194
2012,YR2012,IBRD only,IBD,-10.2836611536324
2012,YR2012,Iceland,ISL,..
2012,YR2012,IDA & IBRD total,IBT,-11.3144604715366
2012,YR2012,IDA blend,IDB,-53.0157590045638
2012,YR2012,IDA only,IDX,0.874759546772469
2012,YR2012,IDA total,IDA,-25.4177942247902
2012,YR2012,India,IND,32.8228389038316
2012,YR2012,Indonesia,IDN,-130.298256846713
2012,YR2012,"Iran, Islamic Rep.",IRN,-36.9850081152965
2012,YR2012,Iraq,IRQ,-290.002433165476
2012,YR2012,Ireland,IRL,89.7222963903432
2012,YR2012,Isle of Man,IMN,..
2012,YR2012,Israel,ISR,95.5693067544626
2012,YR2012,Italy,ITA,81.8390323727707
2012,YR2012,Jamaica,JAM,100.157043700802
2012,YR2012,Japan,JPN,96.1222197111632
2012,YR2012,Jordan,JOR,103.446250661863
2012,YR2012,Kazakhstan,KAZ,-119.075537014168
2012,YR2012,Kenya,KEN,20.8680363632087
2012,YR2012,Kiribati,KIR,..
2012,YR2012,"Korea, Dem. People's Rep.",PRK,-43.393365974
2012,YR2012,"Korea, Rep.",KOR,86.5466828850083
2012,YR2012,Kosovo,XKX,..
2012,YR2012,Kuwait,KWT,-397.642105667886
2012,YR2012,Kyrgyz Republic,KGZ,60.5764174982233
2012,YR2012,Lao PDR,LAO,-5.81001497821363
2012,YR2012,Late-demographic dividend,LTE,-14.5357366364339
2012,YR2012,Latin America & Caribbean,LCN,-23.5769963137994
2012,YR2012,Latin America & Caribbean (excluding high income),LAC,-28.6574398040885
2012,YR2012,Latin America & the Caribbean (IDA & IBRD countries),TLA,-25.1935432964512
2012,YR2012,Latvia,LVA,60.9111114716333
2012,YR2012,Least developed countries: UN classification,LDC,-41.5002171485468
2012,YR2012,Lebanon,LBN,..
2012,YR2012,Lesotho,LSO,..
2012,YR2012,Liberia,LBR,..
2012,YR2012,Libya,LBY,-366.891782423274
2012,YR2012,Liechtenstein,LIE,..
2012,YR2012,Lithuania,LTU,80.0964100372627
2012,YR2012,Low & middle income,LMY,-4.82271985108441
2012,YR2012,Low income,LIC,-11.9576644378645
2012,YR2012,Lower middle income,LMC,-6.1416368140497
2012,YR2012,Luxembourg,LUX,106.358293971357
2012,YR2012,"Macao SAR, China",MAC,..
2012,YR2012,Madagascar,MDG,..
2012,YR2012,Malawi,MWI,..
2012,YR2012,Malaysia,MYS,-10.7287875242111
2012,YR2012,Maldives,MDV,..
2012,YR2012,Mali,MLI,..
2012,YR2012,Malta,MLT,247.829849373969
2012,YR2012,Marshall Islands,MHL,..
2012,YR2012,Mauritania,MRT,..
2012,YR2012,Mauritius,MUS,..
2012,YR2012,Mexico,MEX,-11.711054039167
2012,YR2012,"Micronesia, Fed. Sts.",FSM,..
2012,YR2012,"Middle East, North Africa, Afghanistan & Pakistan",MEA,-127.134835366128
2012,YR2012,"Middle East, North Africa, Afghanistan & Pakistan (excluding high income)",MNA,-58.8385189907156
2012,YR2012,"Middle East, North Africa, Afghanistan & Pakistan (IDA & IBRD)",TMN,-58.8385189907156
2012,YR2012,Middle income,MIC,-4.6524575041174
2012,YR2012,Moldova,MDA,84.0162089149033
2012,YR2012,Monaco,MCO,..
2012,YR2012,Mongolia,MNG,-300.95080321827
2012,YR2012,Montenegro,MNE,34.6593476100117
2012,YR2012,Morocco,MAR,103.803753982369
2012,YR2012,Mozambique,MOZ,-32.0401773225162
2012,YR2012,Myanmar,MMR,-48.0164726145149
2012,YR2012,Namibia,NAM,73.5542040989351
2012,YR2012,Naoero,NRU,..
2012,YR2012,Nepal,NPL,17.1980871683225
2012,YR2012,Netherlands,NLD,37.2648100255159
2012,YR2012,New Caledonia,NCL,..
2012,YR2012,New Zealand,NZL,19.9071155701037
2012,YR2012,Nicaragua,NIC,43.8309995929938
2012,YR2012,Niger,NER,-0.139787189651596
2012,YR2012,Nigeria,NGA,-200.699296979111
2012,YR2012,North America,NAC,9.01432418514698
2012,YR2012,North Macedonia,MKD,48.3921468394065
2012,YR2012,Northern Mariana Islands,MNP,..
2012,YR2012,Norway,NOR,-598.42420794356
2012,YR2012,Not classified,INX,..
2012,YR2012,OECD members,OED,27.4469785375526
2012,YR2012,Oman,OMN,-199.353867852314
2012,YR2012,Other small states,OSS,..
2012,YR2012,Pacific island small states,PSS,..
2012,YR2012,Pakistan,PAK,23.0901671614358
2012,YR2012,Palau,PLW,..
2012,YR2012,Panama,PAN,168.581723369969
2012,YR2012,Papua New Guinea,PNG,..
2012,YR2012,Paraguay,PRY,-50.6437187919529
2012,YR2012,Peru,PER,-11.2817755084688
2012,YR2012,Philippines,PHL,42.9068252162772
2012,YR2012,Poland,POL,31.7023740378027
2012,YR2012,Portugal,PRT,85.1213358359836
2012,YR2012,Post-demographic dividend,PST,31.3696580067587
2012,YR2012,Pre-demographic dividend,PRE,-137.201006080853
2012,YR2012,Puerto Rico (US),PRI,..
2012,YR2012,Qatar,QAT,-491.825593531981
2012,YR2012,Romania,ROU,22.4978897514261
2012,YR2012,Russian Federation,RUS,-80.1643740294964
2012,YR2012,Rwanda,RWA,7.78700774653148
2012,YR2012,Samoa,WSM,..
2012,YR2012,San Marino,SMR,..
2012,YR2012,Sao Tome and Principe,STP,..
2012,YR2012,Saudi Arabia,SAU,-198.404746766711
2012,YR2012,Senegal,SEN,51.2445633792789
2012,YR2012,Serbia,SRB,28.0036380918044
2012,YR2012,Seychelles,SYC,..
2012,YR2012,Sierra Leone,SLE,..
2012,YR2012,Singapore,SGP,288.091215185
2012,YR2012,Sint Maarten (Dutch part),SXM,..
2012,YR2012,Slovak Republic,SVK,58.1388682785269
2012,YR2012,Slovenia,SVN,51.5118783183444
2012,YR2012,Small states,SST,-94.5705317418147
2012,YR2012,Solomon Islands,SLB,..
2012,YR2012,"Somalia, Fed. Rep.",SOM,..
2012,YR2012,South Africa,ZAF,-18.0622557556805
2012,YR2012,South Asia,SAS,32.0146788954088
2012,YR2012,South Asia (IDA & IBRD),TSA,32.0146788954088
2012,YR2012,South Sudan,SSD,-171.540421068406
2012,YR2012,Spain,ESP,79.8545674972874
2012,YR2012,Sri Lanka,LKA,..
2012,YR2012,St. Kitts and Nevis,KNA,..
2012,YR2012,St. Lucia,LCA,..
2012,YR2012,St. Martin (French part),MAF,..
2012,YR2012,St. Vincent and the Grenadines,VCT,..
2012,YR2012,Sub-Saharan Africa,SSF,-65.6344088280288
2012,YR2012,Sub-Saharan Africa (excluding high income),SSA,-65.6344088280288
2012,YR2012,Sub-Saharan Africa (IDA & IBRD countries),TSS,-65.6344088280288
2012,YR2012,Sudan,SDN,-14.3355311743491
2012,YR2012,Suriname,SUR,-10.4772501729167
2012,YR2012,Sweden,SWE,31.4711024148045
2012,YR2012,Switzerland,CHE,57.4193942756652
2012,YR2012,Syrian Arab Republic,SYR,15.5002349221028
2012,YR2012,Tajikistan,TJK,29.9765500232478
2012,YR2012,Tanzania,TZA,13.130326525429
2012,YR2012,Thailand,THA,43.6825522470004
2012,YR2012,Timor-Leste,TLS,..
2012,YR2012,Togo,TGO,..
2012,YR2012,Tonga,TON,..
2012,YR2012,Trinidad and Tobago,TTO,-103.3302078276
2012,YR2012,Tunisia,TUN,29.3821994901611
2012,YR2012,Turkiye,TUR,76.5045153451191
2012,YR2012,Turkmenistan,TKM,-174.894150747988
2012,YR2012,Turks and Caicos Islands,TCA,..
2012,YR2012,Tuvalu,TUV,..
2012,YR2012,Uganda,UGA,9.06193928084408
2012,YR2012,Ukraine,UKR,31.427445048662
2012,YR2012,United Arab Emirates,ARE,-204.392627312405
2012,YR2012,United Kingdom,GBR,46.0055909658311
2012,YR2012,United States,USA,17.518452859975
2012,YR2012,Upper middle income,UMC,-4.25703754200933
2012,YR2012,Uruguay,URY,72.0683778077383
2012,YR2012,Uzbekistan,UZB,-25.5946547831785
2012,YR2012,Vanuatu,VUT,..
2012,YR2012,"Venezuela, RB",VEN,-189.708438469581
2012,YR2012,Viet Nam,VNM,-11.5275567021365
2012,YR2012,Virgin Islands (U.S.),VIR,..
2012,YR2012,West Bank and Gaza,PSE,..
2012,YR2012,World,WLD,-0.788075122300378
2012,YR2012,"Yemen, Rep.",YEM,-144.936290251891
2012,YR2012,Zambia,ZMB,10.9560356125563
2012,YR2012,Zimbabwe,ZWE,19.2453461364474
2013,YR2013,Afghanistan,AFG,..
2013,YR2013,Africa Eastern and Southern,AFE,-32.1306556331724
2013,YR2013,Africa Western and Central,AFW,-136.528391512895
2013,YR2013,Albania,ALB,25.2004229154476
2013,YR2013,Algeria,DZA,-186.271618244825
2013,YR2013,American Samoa,ASM,..
2013,YR2013,Andorra,AND,..
2013,YR2013,Angola,AGO,-608.406709679259
2013,YR2013,Antigua and Barbuda,ATG,..
2013,YR2013,Arab World,ARB,-174.271243485534
2013,YR2013,Argentina,ARG,13.9862181852131
2013,YR2013,Armenia,ARM,73.6822602294154
2013,YR2013,Aruba,ABW,..
2013,YR2013,Australia,AUS,-164.691774053304
2013,YR2013,Austria,AUT,62.8835645832405
2013,YR2013,Azerbaijan,AZE,-326.528065401554
2013,YR2013,"Bahamas, The",BHS,..
2013,YR2013,Bahrain,BHR,-54.383115780032
2013,YR2013,Bangladesh,BGD,17.9640543283116
2013,YR2013,Barbados,BRB,..
2013,YR2013,Belarus,BLR,86.7268926963897
2013,YR2013,Belgium,BEL,87.3156036625872
2013,YR2013,Belize,BLZ,..
2013,YR2013,Benin,BEN,..
2013,YR2013,Bermuda,BMU,..
2013,YR2013,Bhutan,BTN,..
2013,YR2013,Bolivia,BOL,-191.992250565064
2013,YR2013,Bosnia and Herzegovina,BIH,29.7224082866732
2013,YR2013,Botswana,BWA,45.5211931491077
2013,YR2013,Brazil,BRA,15.7799289306747
2013,YR2013,British Virgin Islands,VGB,..
2013,YR2013,Brunei Darussalam,BRN,-453.069121964239
2013,YR2013,Bulgaria,BGR,39.0539262867083
2013,YR2013,Burkina Faso,BFA,..
2013,YR2013,Burundi,BDI,..
2013,YR2013,Cabo Verde,CPV,..
2013,YR2013,Cambodia,KHM,..
2013,YR2013,Cameroon,CMR,-18.262818816688
2013,YR2013,Canada,CAN,-65.7048130619212
2013,YR2013,Caribbean small states,CSS,-97.7034001178409
2013,YR2013,Cayman Islands,CYM,..
2013,YR2013,Central African Republic,CAF,..
2013,YR2013,Central Europe and the Baltics,CEB,33.6595590781285
2013,YR2013,Chad,TCD,-132.264873619331
2013,YR2013,Channel Islands,CHI,..
2013,YR2013,Chile,CHL,65.8715584951178
2013,YR2013,China,CHN,17.3260320088109
2013,YR2013,Colombia,COL,-223.803966779921
2013,YR2013,Comoros,COM,..
2013,YR2013,"Congo, Dem. Rep.",COD,-0.363070173582441
2013,YR2013,"Congo, Rep.",COG,-453.849704415133
2013,YR2013,Costa Rica,CRI,51.0414477078597
2013,YR2013,Cote d'Ivoire,CIV,6.06606593180593
2013,YR2013,Croatia,HRV,48.2824389621799
2013,YR2013,Cuba,CUB,56.9958958850848
2013,YR2013,Curacao,CUW,203.850448972148
2013,YR2013,Cyprus,CYP,..
2013,YR2013,Czechia,CZE,27.7105784033429
2013,YR2013,Denmark,DNK,13.3346426580765
2013,YR2013,Djibouti,DJI,..
2013,YR2013,Dominica,DMA,..
2013,YR2013,Dominican Republic,DOM,93.032547561238
2013,YR2013,Early-demographic dividend,EAR,-26.7814583039193
2013,YR2013,East Asia & Pacific,EAS,21.4686320048207
2013,YR2013,East Asia & Pacific (excluding high income),EAP,8.91266227434878
2013,YR2013,East Asia & Pacific (IDA & IBRD countries),TEA,9.21977527525178
2013,YR2013,Ecuador,ECU,-105.566540428106
2013,YR2013,"Egypt, Arab Rep.",EGY,0.751073873510622
2013,YR2013,El Salvador,SLV,52.7178205566494
2013,YR2013,Equatorial Guinea,GNQ,-823.946272893869
2013,YR2013,Eritrea,ERI,..
2013,YR2013,Estonia,EST,15.849617793539
2013,YR2013,Eswatini,SWZ,19.1163098288832
2013,YR2013,Ethiopia,ETH,8.22809066332886
2013,YR2013,Euro area,EMU,62.8927238597364
2013,YR2013,Europe & Central Asia,ECS,4.11732265212359
2013,YR2013,Europe & Central Asia (excluding high income),ECA,-6.70337017572858
2013,YR2013,Europe & Central Asia (IDA & IBRD countries),TEC,-45.4512292020233
2013,YR2013,European Union,EUU,56.5967911378222
2013,YR2013,Faroe Islands,FRO,..
2013,YR2013,Fiji,FJI,..
2013,YR2013,Finland,FIN,50.0731859122483
2013,YR2013,France,FRA,49.7187350576705
2013,YR2013,French Polynesia,PYF,..
2013,YR2013,Gabon,GAB,-189.752645401349
2013,YR2013,"Gambia, The",GMB,..
2013,YR2013,Georgia,GEO,67.832308372523
2013,YR2013,Germany,DEU,64.6341861183046
2013,YR2013,Ghana,GHA,-6.85217569377266
2013,YR2013,Gibraltar,GIB,..
2013,YR2013,Greece,GRC,69.1390083334951
2013,YR2013,Greenland,GRL,..
2013,YR2013,Grenada,GRD,..
2013,YR2013,Guam,GUM,..
2013,YR2013,Guatemala,GTM,31.635439421946
2013,YR2013,Guinea,GIN,..
2013,YR2013,Guinea-Bissau,GNB,..
2013,YR2013,Guyana,GUY,..
2013,YR2013,Haiti,HTI,..
2013,YR2013,Heavily indebted poor countries (HIPC),HPC,-9.95903565579196
2013,YR2013,High income,HIC,1.06832815433168
2013,YR2013,Honduras,HND,53.7773399014778
2013,YR2013,"Hong Kong SAR, China",HKG,209.129123576926
2013,YR2013,Hungary,HUN,50.0908153993331
2013,YR2013,IBRD only,IBD,-9.03015701269549
2013,YR2013,Iceland,ISL,..
2013,YR2013,IDA & IBRD total,IBT,-9.68570967066549
2013,YR2013,IDA blend,IDB,-41.3774405562078
2013,YR2013,IDA only,IDX,2.31611036556048
2013,YR2013,IDA total,IDA,-18.5187409047386
2013,YR2013,India,IND,34.024000893281
2013,YR2013,Indonesia,IDN,-134.045158259873
2013,YR2013,"Iran, Islamic Rep.",IRN,-33.6417978564312
2013,YR2013,Iraq,IRQ,-275.505030732489
2013,YR2013,Ireland,IRL,94.5990928142106
2013,YR2013,Isle of Man,IMN,..
2013,YR2013,Israel,ISR,84.4585946143284
2013,YR2013,Italy,ITA,79.2945394918256
2013,YR2013,Jamaica,JAM,107.737156246829
2013,YR2013,Japan,JPN,95.6729767272549
2013,YR2013,Jordan,JOR,98.2216878046669
2013,YR2013,Kazakhstan,KAZ,-104.743994492383
2013,YR2013,Kenya,KEN,20.2945654720075
2013,YR2013,Kiribati,KIR,..
2013,YR2013,"Korea, Dem. People's Rep.",PRK,-86.1078057429788
2013,YR2013,"Korea, Rep.",KOR,88.0801849923646
2013,YR2013,Kosovo,XKX,..
2013,YR2013,Kuwait,KWT,-399.28575806883
2013,YR2013,Kyrgyz Republic,KGZ,57.6044380421125
2013,YR2013,Lao PDR,LAO,-8.67582866999769
2013,YR2013,Late-demographic dividend,LTE,-13.4285893209211
2013,YR2013,Latin America & Caribbean,LCN,-19.1083962145864
2013,YR2013,Latin America & Caribbean (excluding high income),LAC,-23.5449583331557
2013,YR2013,Latin America & the Caribbean (IDA & IBRD countries),TLA,-20.5155278527055
2013,YR2013,Latvia,LVA,60.4800633921398
2013,YR2013,Least developed countries: UN classification,LDC,-40.6958403464664
2013,YR2013,Lebanon,LBN,100.192762992192
2013,YR2013,Lesotho,LSO,..
2013,YR2013,Liberia,LBR,..
2013,YR2013,Libya,LBY,-282.822573973471
2013,YR2013,Liechtenstein,LIE,..
2013,YR2013,Lithuania,LTU,78.0119841764997
2013,YR2013,Low & middle income,LMY,-2.57128247715359
2013,YR2013,Low income,LIC,-15.357879062267
2013,YR2013,Lower middle income,LMC,-1.7447513017304
2013,YR2013,Luxembourg,LUX,106.229059336384
2013,YR2013,"Macao SAR, China",MAC,..
2013,YR2013,Madagascar,MDG,..
2013,YR2013,Malawi,MWI,..
2013,YR2013,Malaysia,MYS,-1.02196038431298
2013,YR2013,Maldives,MDV,..
2013,YR2013,Mali,MLI,..
2013,YR2013,Malta,MLT,276.579856825475
2013,YR2013,Marshall Islands,MHL,..
2013,YR2013,Mauritania,MRT,..
2013,YR2013,Mauritius,MUS,..
2013,YR2013,Mexico,MEX,-10.4334471850256
2013,YR2013,"Micronesia, Fed. Sts.",FSM,..
2013,YR2013,"Middle East, North Africa, Afghanistan & Pakistan",MEA,-120.912047541323
2013,YR2013,"Middle East, North Africa, Afghanistan & Pakistan (excluding high income)",MNA,-49.06245810548
2013,YR2013,"Middle East, North Africa, Afghanistan & Pakistan (IDA & IBRD)",TMN,-49.06245810548
2013,YR2013,Middle income,MIC,-2.27905888340498
2013,YR2013,Moldova,MDA,82.4263446204606
2013,YR2013,Monaco,MCO,..
2013,YR2013,Mongolia,MNG,-231.995482459236
2013,YR2013,Montenegro,MNE,23.6995346344078
2013,YR2013,Morocco,MAR,99.6610359699752
2013,YR2013,Mozambique,MOZ,-38.854846709989
2013,YR2013,Myanmar,MMR,-41.5951939132495
2013,YR2013,Namibia,NAM,76.6755058875525
2013,YR2013,Naoero,NRU,..
2013,YR2013,Nepal,NPL,16.9262746721704
2013,YR2013,Netherlands,NLD,28.8439214474299
2013,YR2013,New Caledonia,NCL,..
2013,YR2013,New Zealand,NZL,24.3582415135781
2013,YR2013,Nicaragua,NIC,42.7356759563787
2013,YR2013,Niger,NER,-4.09780073308896
2013,YR2013,Nigeria,NGA,-169.48946829136
2013,YR2013,North America,NAC,5.63605126615566
2013,YR2013,North Macedonia,MKD,46.8787427084502
2013,YR2013,Northern Mariana Islands,MNP,..
2013,YR2013,Norway,NOR,-535.34114624641
2013,YR2013,Not classified,INX,..
2013,YR2013,OECD members,OED,25.4106513285523
2013,YR2013,Oman,OMN,-205.440313073139
2013,YR2013,Other small states,OSS,..
2013,YR2013,Pacific island small states,PSS,..
2013,YR2013,Pakistan,PAK,23.7426301554015
2013,YR2013,Palau,PLW,..
2013,YR2013,Panama,PAN,168.376595466353
2013,YR2013,Papua New Guinea,PNG,..
2013,YR2013,Paraguay,PRY,-50.8428537953527
2013,YR2013,Peru,PER,-11.9416566643183
2013,YR2013,Philippines,PHL,43.9797805761775
2013,YR2013,Poland,POL,26.501210908399
2013,YR2013,Portugal,PRT,78.7824309158989
2013,YR2013,Post-demographic dividend,PST,29.1615465084462
2013,YR2013,Pre-demographic dividend,PRE,-122.839117745534
2013,YR2013,Puerto Rico (US),PRI,..
2013,YR2013,Qatar,QAT,-467.432205774208
2013,YR2013,Romania,ROU,18.2976206313665
2013,YR2013,Russian Federation,RUS,-86.6691211198004
2013,YR2013,Rwanda,RWA,..
2013,YR2013,Samoa,WSM,..
2013,YR2013,San Marino,SMR,..
2013,YR2013,Sao Tome and Principe,STP,..
2013,YR2013,Saudi Arabia,SAU,-196.871813635467
2013,YR2013,Senegal,SEN,58.4798591295854
2013,YR2013,Serbia,SRB,24.1746930961234
2013,YR2013,Seychelles,SYC,..
2013,YR2013,Sierra Leone,SLE,..
2013,YR2013,Singapore,SGP,267.276576719405
2013,YR2013,Sint Maarten (Dutch part),SXM,..
2013,YR2013,Slovak Republic,SVK,57.6004806670878
2013,YR2013,Slovenia,SVN,47.3067695838114
2013,YR2013,Small states,SST,-93.756712180268
2013,YR2013,Solomon Islands,SLB,..
2013,YR2013,"Somalia, Fed. Rep.",SOM,..
2013,YR2013,South Africa,ZAF,-18.68910274231
2013,YR2013,South Asia,SAS,33.3413762757465
2013,YR2013,South Asia (IDA & IBRD),TSA,33.3413762757465
2013,YR2013,South Sudan,SSD,-667.767689970678
2013,YR2013,Spain,ESP,76.6569596302212
2013,YR2013,Sri Lanka,LKA,54.4646396877193
2013,YR2013,St. Kitts and Nevis,KNA,..
2013,YR2013,St. Lucia,LCA,..
2013,YR2013,St. Martin (French part),MAF,..
2013,YR2013,St. Vincent and the Grenadines,VCT,..
2013,YR2013,Sub-Saharan Africa,SSF,-59.3556656361872
2013,YR2013,Sub-Saharan Africa (excluding high income),SSA,-59.3556656361872
2013,YR2013,Sub-Saharan Africa (IDA & IBRD countries),TSS,-59.3556656361872
2013,YR2013,Sudan,SDN,1.1299043578599
2013,YR2013,Suriname,SUR,9.55180014695067
2013,YR2013,Sweden,SWE,34.0046385923583
2013,YR2013,Switzerland,CHE,57.3949322962644
2013,YR2013,Syrian Arab Republic,SYR,43.0564205248677
2013,YR2013,Tajikistan,TJK,27.9862518016792
2013,YR2013,Tanzania,TZA,14.0498067023442
2013,YR2013,Thailand,THA,43.0405417053826
2013,YR2013,Timor-Leste,TLS,..
2013,YR2013,Togo,TGO,..
2013,YR2013,Tonga,TON,..
2013,YR2013,Trinidad and Tobago,TTO,-103.14765731449
2013,YR2013,Tunisia,TUN,33.2000054980551
2013,YR2013,Turkiye,TUR,76.7082026488658
2013,YR2013,Turkmenistan,TKM,-223.974464898393
2013,YR2013,Turks and Caicos Islands,TCA,..
2013,YR2013,Tuvalu,TUV,..
2013,YR2013,Uganda,UGA,8.64967955515242
2013,YR2013,Ukraine,UKR,27.0329941513733
2013,YR2013,United Arab Emirates,ARE,-197.723542414887
2013,YR2013,United Kingdom,GBR,50.6083317514932
2013,YR2013,United States,USA,14.4330808261608
2013,YR2013,Upper middle income,UMC,-2.42059752906491
2013,YR2013,Uruguay,URY,55.3855952609039
2013,YR2013,Uzbekistan,UZB,-20.7386196271376
2013,YR2013,Vanuatu,VUT,..
2013,YR2013,"Venezuela, RB",VEN,-160.450889399116
2013,YR2013,Viet Nam,VNM,-7.96659861783875
2013,YR2013,Virgin Islands (U.S.),VIR,..
2013,YR2013,West Bank and Gaza,PSE,..
2013,YR2013,World,WLD,-0.771420046471996
2013,YR2013,"Yemen, Rep.",YEM,-117.477762300814
2013,YR2013,Zambia,ZMB,10.7465305839703
2013,YR2013,Zimbabwe,ZWE,20.5639652842472
2014,YR2014,Afghanistan,AFG,..
2014,YR2014,Africa Eastern and Southern,AFE,-28.012725241349
2014,YR2014,Africa Western and Central,AFW,-136.134298657259
2014,YR2014,Albania,ALB,28.9119530198608
2014,YR2014,Algeria,DZA,-171.459781288734
2014,YR2014,American Samoa,ASM,..
2014,YR2014,Andorra,AND,..
2014,YR2014,Angola,AGO,-637.730286963911
2014,YR2014,Antigua and Barbuda,ATG,..
2014,YR2014,Arab World,ARB,-158.010285010042
2014,YR2014,Argentina,ARG,14.0678103429199
2014,YR2014,Armenia,ARM,71.6592288400781
2014,YR2014,Aruba,ABW,..
2014,YR2014,Australia,AUS,-185.555789490717
2014,YR2014,Austria,AUT,67.4888818013271
2014,YR2014,Azerbaijan,AZE,-312.699728361221
2014,YR2014,"Bahamas, The",BHS,..
2014,YR2014,Bahrain,BHR,-65.7183801660502
2014,YR2014,Bangladesh,BGD,19.6289634401405
2014,YR2014,Barbados,BRB,..
2014,YR2014,Belarus,BLR,87.7673818176471
2014,YR2014,Belgium,BEL,89.7058610236848
2014,YR2014,Belize,BLZ,..
2014,YR2014,Benin,BEN,..
2014,YR2014,Bermuda,BMU,..
2014,YR2014,Bhutan,BTN,..
2014,YR2014,Bolivia,BOL,-179.200451039541
2014,YR2014,Bosnia and Herzegovina,BIH,28.2127054550378
2014,YR2014,Botswana,BWA,37.3359617938416
2014,YR2014,Brazil,BRA,14.2246121049324
2014,YR2014,British Virgin Islands,VGB,..
2014,YR2014,Brunei Darussalam,BRN,-351.380751451301
2014,YR2014,Bulgaria,BGR,35.7151926776029
2014,YR2014,Burkina Faso,BFA,..
2014,YR2014,Burundi,BDI,..
2014,YR2014,Cabo Verde,CPV,..
2014,YR2014,Cambodia,KHM,..
2014,YR2014,Cameroon,CMR,-19.6646287156523
2014,YR2014,Canada,CAN,-66.6966752192918
2014,YR2014,Caribbean small states,CSS,-93.896188321908
2014,YR2014,Cayman Islands,CYM,..
2014,YR2014,Central African Republic,CAF,..
2014,YR2014,Central Europe and the Baltics,CEB,35.3209549347901
2014,YR2014,Chad,TCD,..
2014,YR2014,Channel Islands,CHI,..
2014,YR2014,Chile,CHL,67.2508288416277
2014,YR2014,China,CHN,17.5411749363193
2014,YR2014,Colombia,COL,-237.432787599545
2014,YR2014,Comoros,COM,..
2014,YR2014,"Congo, Dem. Rep.",COD,0.437925389923963
2014,YR2014,"Congo, Rep.",COG,-459.95643834143
2014,YR2014,Costa Rica,CRI,52.250373139599
2014,YR2014,Cote d'Ivoire,CIV,7.71742363370812
2014,YR2014,Croatia,HRV,45.0191091902704
2014,YR2014,Cuba,CUB,54.1860434275207
2014,YR2014,Curacao,CUW,192.121510471152
2014,YR2014,Cyprus,CYP,..
2014,YR2014,Czechia,CZE,30.2869253490595
2014,YR2014,Denmark,DNK,13.4603915162663
2014,YR2014,Djibouti,DJI,..
2014,YR2014,Dominica,DMA,..
2014,YR2014,Dominican Republic,DOM,93.5653124204434
2014,YR2014,Early-demographic dividend,EAR,-20.6529321387115
2014,YR2014,East Asia & Pacific,EAS,21.126062768551
2014,YR2014,East Asia & Pacific (excluding high income),EAP,9.7903925923831
2014,YR2014,East Asia & Pacific (IDA & IBRD countries),TEA,10.0752222502086
2014,YR2014,Ecuador,ECU,-98.8186709972977
2014,YR2014,"Egypt, Arab Rep.",EGY,8.09014484118877
2014,YR2014,El Salvador,SLV,56.109940109749
2014,YR2014,Equatorial Guinea,GNQ,-906.976583387111
2014,YR2014,Eritrea,ERI,..
2014,YR2014,Estonia,EST,12.4656597835761
2014,YR2014,Eswatini,SWZ,22.699617386941
2014,YR2014,Ethiopia,ETH,9.15951375750628
2014,YR2014,Euro area,EMU,63.2228691563693
2014,YR2014,Europe & Central Asia,ECS,3.50371326191025
2014,YR2014,Europe & Central Asia (excluding high income),ECA,-8.70496462364941
2014,YR2014,Europe & Central Asia (IDA & IBRD countries),TEC,-45.2634386375002
2014,YR2014,European Union,EUU,57.2529628806088
2014,YR2014,Faroe Islands,FRO,..
2014,YR2014,Fiji,FJI,..
2014,YR2014,Finland,FIN,50.2608112384787
2014,YR2014,France,FRA,47.8595723488972
2014,YR2014,French Polynesia,PYF,..
2014,YR2014,Gabon,GAB,-195.26630238146
2014,YR2014,"Gambia, The",GMB,..
2014,YR2014,Georgia,GEO,71.0189832222526
2014,YR2014,Germany,DEU,64.0352360163442
2014,YR2014,Ghana,GHA,-7.6917979776561
2014,YR2014,Gibraltar,GIB,..
2014,YR2014,Greece,GRC,72.9934014680342
2014,YR2014,Greenland,GRL,..
2014,YR2014,Grenada,GRD,..
2014,YR2014,Guam,GUM,..
2014,YR2014,Guatemala,GTM,33.3916020541738
2014,YR2014,Guinea,GIN,..
2014,YR2014,Guinea-Bissau,GNB,..
2014,YR2014,Guyana,GUY,..
2014,YR2014,Haiti,HTI,..
2014,YR2014,Heavily indebted poor countries (HIPC),HPC,-8.33536960874563
2014,YR2014,High income,HIC,-0.322895887375555
2014,YR2014,Honduras,HND,51.9491680699397
2014,YR2014,"Hong Kong SAR, China",HKG,200.947864831665
2014,YR2014,Hungary,HUN,59.731732642703
2014,YR2014,IBRD only,IBD,-7.05838768832344
2014,YR2014,Iceland,ISL,..
2014,YR2014,IDA & IBRD total,IBT,-7.71298401842121
2014,YR2014,IDA blend,IDB,-39.5068670219676
2014,YR2014,IDA only,IDX,4.27199305502593
2014,YR2014,IDA total,IDA,-16.457494433927
2014,YR2014,India,IND,36.5423025911346
2014,YR2014,Indonesia,IDN,-122.689418915783
2014,YR2014,"Iran, Islamic Rep.",IRN,-27.8338049577846
2014,YR2014,Iraq,IRQ,-307.676202167834
2014,YR2014,Ireland,IRL,91.2791791106531
2014,YR2014,Isle of Man,IMN,..
2014,YR2014,Israel,ISR,76.5747635339105
2014,YR2014,Italy,ITA,78.3881613742621
2014,YR2014,Jamaica,JAM,105.2724776289
2014,YR2014,Japan,JPN,95.5684274026895
2014,YR2014,Jordan,JOR,102.393511379036
2014,YR2014,Kazakhstan,KAZ,-144.96914007643
2014,YR2014,Kenya,KEN,21.1708175518378
2014,YR2014,Kiribati,KIR,..
2014,YR2014,"Korea, Dem. People's Rep.",PRK,-74.2493168364946
2014,YR2014,"Korea, Rep.",KOR,86.8693911585965
2014,YR2014,Kosovo,XKX,..
2014,YR2014,Kuwait,KWT,-427.523211193907
2014,YR2014,Kyrgyz Republic,KGZ,54.1018983122215
2014,YR2014,Lao PDR,LAO,-5.31219136642522
2014,YR2014,Late-demographic dividend,LTE,-12.4514559490309
2014,YR2014,Latin America & Caribbean,LCN,-20.3198085687659
2014,YR2014,Latin America & Caribbean (excluding high income),LAC,-24.6081233784941
2014,YR2014,Latin America & the Caribbean (IDA & IBRD countries),TLA,-21.7690440809622
2014,YR2014,Latvia,LVA,43.7073884740466
2014,YR2014,Least developed countries: UN classification,LDC,-36.4470622349118
2014,YR2014,Lebanon,LBN,..
2014,YR2014,Lesotho,LSO,..
2014,YR2014,Liberia,LBR,..
2014,YR2014,Libya,LBY,-74.0216610881201
2014,YR2014,Liechtenstein,LIE,..
2014,YR2014,Lithuania,LTU,76.530231634996
2014,YR2014,Low & middle income,LMY,-0.788158835898456
2014,YR2014,Low income,LIC,-11.2243945972791
2014,YR2014,Lower middle income,LMC,1.23146021826593
2014,YR2014,Luxembourg,LUX,106.887490793793
2014,YR2014,"Macao SAR, China",MAC,..
2014,YR2014,Madagascar,MDG,..
2014,YR2014,Malawi,MWI,..
2014,YR2014,Malaysia,MYS,-1.31674896798018
2014,YR2014,Maldives,MDV,..
2014,YR2014,Mali,MLI,..
2014,YR2014,Malta,MLT,264.163696694113
2014,YR2014,Marshall Islands,MHL,..
2014,YR2014,Mauritania,MRT,..
2014,YR2014,Mauritius,MUS,..
2014,YR2014,Mexico,MEX,-7.87572561111971
2014,YR2014,"Micronesia, Fed. Sts.",FSM,..
2014,YR2014,"Middle East, North Africa, Afghanistan & Pakistan",MEA,-108.636879006982
2014,YR2014,"Middle East, North Africa, Afghanistan & Pakistan (excluding high income)",MNA,-40.2870427153266
2014,YR2014,"Middle East, North Africa, Afghanistan & Pakistan (IDA & IBRD)",TMN,-40.2870427153266
2014,YR2014,Middle income,MIC,-0.547429618248384
2014,YR2014,Moldova,MDA,81.7846882750588
2014,YR2014,Monaco,MCO,..
2014,YR2014,Mongolia,MNG,-248.656183020515
2014,YR2014,Montenegro,MNE,30.4145738061324
2014,YR2014,Morocco,MAR,102.787518192581
2014,YR2014,Mozambique,MOZ,-44.2543454834516
2014,YR2014,Myanmar,MMR,-43.4511298219738
2014,YR2014,Namibia,NAM,74.6640357564613
2014,YR2014,Naoero,NRU,..
2014,YR2014,Nepal,NPL,18.5397668336717
2014,YR2014,Netherlands,NLD,38.1350374503021
2014,YR2014,New Caledonia,NCL,..
2014,YR2014,New Zealand,NZL,22.4295080030713
2014,YR2014,Nicaragua,NIC,39.8310600012076
2014,YR2014,Niger,NER,-3.83874800278587
2014,YR2014,Nigeria,NGA,-167.997066876759
2014,YR2014,North America,NAC,2.99389978417587
2014,YR2014,North Macedonia,MKD,51.7652274137777
2014,YR2014,Northern Mariana Islands,MNP,..
2014,YR2014,Norway,NOR,-596.999256187778
2014,YR2014,Not classified,INX,..
2014,YR2014,OECD members,OED,23.0374518275976
2014,YR2014,Oman,OMN,-199.825281621669
2014,YR2014,Other small states,OSS,..
2014,YR2014,Pacific island small states,PSS,..
2014,YR2014,Pakistan,PAK,26.3454371170871
2014,YR2014,Palau,PLW,..
2014,YR2014,Panama,PAN,163.609628839084
2014,YR2014,Papua New Guinea,PNG,..
2014,YR2014,Paraguay,PRY,-34.5088276480658
2014,YR2014,Peru,PER,-7.91702449797491
2014,YR2014,Philippines,PHL,43.8392582610698
2014,YR2014,Poland,POL,29.6785766174547
2014,YR2014,Portugal,PRT,77.4389528455581
2014,YR2014,Post-demographic dividend,PST,26.5636488409872
2014,YR2014,Pre-demographic dividend,PRE,-124.273713960649
2014,YR2014,Puerto Rico (US),PRI,..
2014,YR2014,Qatar,QAT,-480.745392700726
2014,YR2014,Romania,ROU,16.7184828406556
2014,YR2014,Russian Federation,RUS,-83.4914151148436
2014,YR2014,Rwanda,RWA,8.45766393736126
2014,YR2014,Samoa,WSM,..
2014,YR2014,San Marino,SMR,..
2014,YR2014,Sao Tome and Principe,STP,..
2014,YR2014,Saudi Arabia,SAU,-172.635167721495
2014,YR2014,Senegal,SEN,59.9951415180977
2014,YR2014,Serbia,SRB,28.1570392598149
2014,YR2014,Seychelles,SYC,..
2014,YR2014,Sierra Leone,SLE,..
2014,YR2014,Singapore,SGP,275.189793160703
2014,YR2014,Sint Maarten (Dutch part),SXM,..
2014,YR2014,Slovak Republic,SVK,59.7953254868921
2014,YR2014,Slovenia,SVN,44.8245997036697
2014,YR2014,Small states,SST,-87.5925276513628
2014,YR2014,Solomon Islands,SLB,..
2014,YR2014,"Somalia, Fed. Rep.",SOM,..
2014,YR2014,South Africa,ZAF,-12.7792229481547
2014,YR2014,South Asia,SAS,35.8590016094236
2014,YR2014,South Asia (IDA & IBRD),TSA,35.8590016094236
2014,YR2014,South Sudan,SSD,-1055.22679072313
2014,YR2014,Spain,ESP,80.0508023280079
2014,YR2014,Sri Lanka,LKA,58.7543860064217
2014,YR2014,St. Kitts and Nevis,KNA,..
2014,YR2014,St. Lucia,LCA,..
2014,YR2014,St. Martin (French part),MAF,..
2014,YR2014,St. Vincent and the Grenadines,VCT,..
2014,YR2014,Sub-Saharan Africa,SSF,-55.0118973798226
2014,YR2014,Sub-Saharan Africa (excluding high income),SSA,-55.0118973798227
2014,YR2014,Sub-Saharan Africa (IDA & IBRD countries),TSS,-55.0118973798226
2014,YR2014,Sudan,SDN,2.03565335820073
2014,YR2014,Suriname,SUR,14.568951491063
2014,YR2014,Sweden,SWE,34.1036106348048
2014,YR2014,Switzerland,CHE,53.8501657501094
2014,YR2014,Syrian Arab Republic,SYR,57.9285386226465
2014,YR2014,Tajikistan,TJK,32.1115058553733
2014,YR2014,Tanzania,TZA,13.0339917186018
2014,YR2014,Thailand,THA,44.024030705902
2014,YR2014,Timor-Leste,TLS,..
2014,YR2014,Togo,TGO,..
2014,YR2014,Tonga,TON,..
2014,YR2014,Trinidad and Tobago,TTO,-99.5661133427134
2014,YR2014,Tunisia,TUN,39.1507232851142
2014,YR2014,Turkiye,TUR,78.733472872237
2014,YR2014,Turkmenistan,TKM,-239.458327536848
2014,YR2014,Turks and Caicos Islands,TCA,..
2014,YR2014,Tuvalu,TUV,..
2014,YR2014,Uganda,UGA,8.90325997173746
2014,YR2014,Ukraine,UKR,25.9620798341884
2014,YR2014,United Arab Emirates,ARE,-153.250707324208
2014,YR2014,United Kingdom,GBR,49.7431680511659
2014,YR2014,United States,USA,11.6957018790028
2014,YR2014,Upper middle income,UMC,-1.02565435708385
2014,YR2014,Uruguay,URY,49.8373126804455
2014,YR2014,Uzbekistan,UZB,-18.5046022726549
2014,YR2014,Vanuatu,VUT,..
2014,YR2014,"Venezuela, RB",VEN,-190.94256301978
2014,YR2014,Viet Nam,VNM,-0.423015509753411
2014,YR2014,Virgin Islands (U.S.),VIR,..
2014,YR2014,West Bank and Gaza,PSE,..
2014,YR2014,World,WLD,-0.561314281795274
2014,YR2014,"Yemen, Rep.",YEM,-104.494511878005
2014,YR2014,Zambia,ZMB,10.1213113599549
2014,YR2014,Zimbabwe,ZWE,18.1585780491634
2015,YR2015,Afghanistan,AFG,..
2015,YR2015,Africa Eastern and Southern,AFE,-30.1978569385815
2015,YR2015,Africa Western and Central,AFW,-145.360760933161
2015,YR2015,Albania,ALB,12.696461784444
2015,YR2015,Algeria,DZA,-158.925681939104
2015,YR2015,American Samoa,ASM,..
2015,YR2015,Andorra,AND,..
2015,YR2015,Angola,AGO,-568.890997777471
2015,YR2015,Antigua and Barbuda,ATG,..
2015,YR2015,Arab World,ARB,-159.197737080527
2015,YR2015,Argentina,ARG,13.5477809878759
2015,YR2015,Armenia,ARM,67.6293163476974
2015,YR2015,Aruba,ABW,..
2015,YR2015,Australia,AUS,-197.386842232292
2015,YR2015,Austria,AUT,62.1474208451196
2015,YR2015,Azerbaijan,AZE,-311.372702565001
2015,YR2015,"Bahamas, The",BHS,..
2015,YR2015,Bahrain,BHR,-57.3617376243512
2015,YR2015,Bangladesh,BGD,20.4002085391355
2015,YR2015,Barbados,BRB,..
2015,YR2015,Belarus,BLR,84.9599278749202
2015,YR2015,Belgium,BEL,95.2722551348913
2015,YR2015,Belize,BLZ,..
2015,YR2015,Benin,BEN,..
2015,YR2015,Bermuda,BMU,..
2015,YR2015,Bhutan,BTN,..
2015,YR2015,Bolivia,BOL,-174.583824385328
2015,YR2015,Bosnia and Herzegovina,BIH,33.7088994867392
2015,YR2015,Botswana,BWA,34.9296848455718
2015,YR2015,Brazil,BRA,8.61387332542045
2015,YR2015,British Virgin Islands,VGB,..
2015,YR2015,Brunei Darussalam,BRN,-486.235806939218
2015,YR2015,Bulgaria,BGR,37.1318138028411
2015,YR2015,Burkina Faso,BFA,..
2015,YR2015,Burundi,BDI,..
2015,YR2015,Cabo Verde,CPV,..
2015,YR2015,Cambodia,KHM,..
2015,YR2015,Cameroon,CMR,-27.9617879172123
2015,YR2015,Canada,CAN,-68.422155970413
2015,YR2015,Caribbean small states,CSS,-86.5766431692115
2015,YR2015,Cayman Islands,CYM,..
2015,YR2015,Central African Republic,CAF,..
2015,YR2015,Central Europe and the Baltics,CEB,35.8709363949978
2015,YR2015,Chad,TCD,..
2015,YR2015,Channel Islands,CHI,..
2015,YR2015,Chile,CHL,68.1847796488233
2015,YR2015,China,CHN,16.7064227414127
2015,YR2015,Colombia,COL,-212.769696143014
2015,YR2015,Comoros,COM,..
2015,YR2015,"Congo, Dem. Rep.",COD,-0.0069052825411406
2015,YR2015,"Congo, Rep.",COG,-420.174404302424
2015,YR2015,Costa Rica,CRI,50.8986034627929
2015,YR2015,Cote d'Ivoire,CIV,3.20789590418457
2015,YR2015,Croatia,HRV,49.6289245080827
2015,YR2015,Cuba,CUB,54.8396250733803
2015,YR2015,Curacao,CUW,190.393313275816
2015,YR2015,Cyprus,CYP,120.800980792808
2015,YR2015,Czechia,CZE,32.1172947810533
2015,YR2015,Denmark,DNK,14.4191495891963
2015,YR2015,Djibouti,DJI,..
2015,YR2015,Dominica,DMA,..
2015,YR2015,Dominican Republic,DOM,95.3565824538657
2015,YR2015,Early-demographic dividend,EAR,-18.1858282277328
2015,YR2015,East Asia & Pacific,EAS,21.0286962180846
2015,YR2015,East Asia & Pacific (excluding high income),EAP,9.99878677808734
2015,YR2015,East Asia & Pacific (IDA & IBRD countries),TEA,10.3353638730496
2015,YR2015,Ecuador,ECU,-101.688517111697
2015,YR2015,"Egypt, Arab Rep.",EGY,12.8611145617055
2015,YR2015,El Salvador,SLV,58.3988681990275
2015,YR2015,Equatorial Guinea,GNQ,-988.30267010984
2015,YR2015,Eritrea,ERI,..
2015,YR2015,Estonia,EST,12.008668176882
2015,YR2015,Eswatini,SWZ,23.2706789445299
2015,YR2015,Ethiopia,ETH,9.36081748178678
2015,YR2015,Euro area,EMU,65.4026534901358
2015,YR2015,Europe & Central Asia,ECS,3.02966802367927
2015,YR2015,Europe & Central Asia (excluding high income),ECA,-6.09203980471222
2015,YR2015,Europe & Central Asia (IDA & IBRD countries),TEC,-47.6839512513712
2015,YR2015,European Union,EUU,59.1182222046304
2015,YR2015,Faroe Islands,FRO,..
2015,YR2015,Fiji,FJI,..
2015,YR2015,Finland,FIN,48.5424894093918
2015,YR2015,France,FRA,47.5840193835437
2015,YR2015,French Polynesia,PYF,..
2015,YR2015,Gabon,GAB,-203.764020460123
2015,YR2015,"Gambia, The",GMB,..
2015,YR2015,Georgia,GEO,73.8338314892229
2015,YR2015,Germany,DEU,64.435449668835
2015,YR2015,Ghana,GHA,-6.41022724687796
2015,YR2015,Gibraltar,GIB,..
2015,YR2015,Greece,GRC,79.0743652188211
2015,YR2015,Greenland,GRL,..
2015,YR2015,Grenada,GRD,..
2015,YR2015,Guam,GUM,..
2015,YR2015,Guatemala,GTM,39.1754535594274
2015,YR2015,Guinea,GIN,..
2015,YR2015,Guinea-Bissau,GNB,..
2015,YR2015,Guyana,GUY,..
2015,YR2015,Haiti,HTI,..
2015,YR2015,Heavily indebted poor countries (HIPC),HPC,-7.45804724492664
2015,YR2015,High income,HIC,-1.3020056358813
2015,YR2015,Honduras,HND,43.6751771436639
2015,YR2015,"Hong Kong SAR, China",HKG,203.741968587536
2015,YR2015,Hungary,HUN,53.8368549697642
2015,YR2015,IBRD only,IBD,-7.21604609242072
2015,YR2015,Iceland,ISL,..
2015,YR2015,IDA & IBRD total,IBT,-7.74866127264009
2015,YR2015,IDA blend,IDB,-40.6242865022009
2015,YR2015,IDA only,IDX,7.77726892864641
2015,YR2015,IDA total,IDA,-14.7946615239229
2015,YR2015,India,IND,37.2827822095164
2015,YR2015,Indonesia,IDN,-109.271486079706
2015,YR2015,"Iran, Islamic Rep.",IRN,-32.5650713047388
2015,YR2015,Iraq,IRQ,-392.88619219625
2015,YR2015,Ireland,IRL,95.2315814260317
2015,YR2015,Isle of Man,IMN,..
2015,YR2015,Israel,ISR,76.7988039122038
2015,YR2015,Italy,ITA,79.5879551148895
2015,YR2015,Jamaica,JAM,109.43720166783
2015,YR2015,Japan,JPN,94.8396264266997
2015,YR2015,Jordan,JOR,101.502649371657
2015,YR2015,Kazakhstan,KAZ,-163.347093699784
2015,YR2015,Kenya,KEN,21.5157568218046
2015,YR2015,Kiribati,KIR,..
2015,YR2015,"Korea, Dem. People's Rep.",PRK,-115.319348277003
2015,YR2015,"Korea, Rep.",KOR,86.7300628107977
2015,YR2015,Kosovo,XKX,..
2015,YR2015,Kuwait,KWT,-356.959279551447
2015,YR2015,Kyrgyz Republic,KGZ,64.6862607464469
2015,YR2015,Lao PDR,LAO,3.85415877198598
2015,YR2015,Late-demographic dividend,LTE,-13.5489770287653
2015,YR2015,Latin America & Caribbean,LCN,-18.2704722350089
2015,YR2015,Latin America & Caribbean (excluding high income),LAC,-22.8663485713098
2015,YR2015,Latin America & the Caribbean (IDA & IBRD countries),TLA,-19.7397668060084
2015,YR2015,Latvia,LVA,55.5329590910619
2015,YR2015,Least developed countries: UN classification,LDC,-33.3966226820437
2015,YR2015,Lebanon,LBN,..
2015,YR2015,Lesotho,LSO,..
2015,YR2015,Liberia,LBR,..
2015,YR2015,Libya,LBY,-78.2025353416576
2015,YR2015,Liechtenstein,LIE,..
2015,YR2015,Lithuania,LTU,77.6835497527366
2015,YR2015,Low & middle income,LMY,-0.439142151551322
2015,YR2015,Low income,LIC,-7.02328386611532
2015,YR2015,Lower middle income,LMC,2.62004507271162
2015,YR2015,Luxembourg,LUX,107.745108083188
2015,YR2015,"Macao SAR, China",MAC,..
2015,YR2015,Madagascar,MDG,..
2015,YR2015,Malawi,MWI,..
2015,YR2015,Malaysia,MYS,-9.78609643797293
2015,YR2015,Maldives,MDV,..
2015,YR2015,Mali,MLI,..
2015,YR2015,Malta,MLT,347.151816528742
2015,YR2015,Marshall Islands,MHL,..
2015,YR2015,Mauritania,MRT,..
2015,YR2015,Mauritius,MUS,..
2015,YR2015,Mexico,MEX,-0.838223440033256
2015,YR2015,"Micronesia, Fed. Sts.",FSM,..
2015,YR2015,"Middle East, North Africa, Afghanistan & Pakistan",MEA,-111.316473365322
2015,YR2015,"Middle East, North Africa, Afghanistan & Pakistan (excluding high income)",MNA,-44.0242545346152
2015,YR2015,"Middle East, North Africa, Afghanistan & Pakistan (IDA & IBRD)",TMN,-44.0242545346152
2015,YR2015,Middle income,MIC,-0.291296811125075
2015,YR2015,Moldova,MDA,82.5738698191325
2015,YR2015,Monaco,MCO,..
2015,YR2015,Mongolia,MNG,-210.649757498803
2015,YR2015,Montenegro,MNE,30.5421427546972
2015,YR2015,Morocco,MAR,96.0366529395705
2015,YR2015,Mozambique,MOZ,-44.3553661863917
2015,YR2015,Myanmar,MMR,-49.9388837150236
2015,YR2015,Namibia,NAM,77.5412849185528
2015,YR2015,Naoero,NRU,..
2015,YR2015,Nepal,NPL,16.8423490088295
2015,YR2015,Netherlands,NLD,58.819996608432
2015,YR2015,New Caledonia,NCL,..
2015,YR2015,New Zealand,NZL,23.8782747862112
2015,YR2015,Nicaragua,NIC,46.1907119642496
2015,YR2015,Niger,NER,-0.334913977022969
2015,YR2015,Nigeria,NGA,-184.449187254776
2015,YR2015,North America,NAC,2.7899822422703
2015,YR2015,North Macedonia,MKD,52.5244072524406
2015,YR2015,Northern Mariana Islands,MNP,..
2015,YR2015,Norway,NOR,-719.208537916367
2015,YR2015,Not classified,INX,..
2015,YR2015,OECD members,OED,23.2941584952919
2015,YR2015,Oman,OMN,-200.504976857989
2015,YR2015,Other small states,OSS,..
2015,YR2015,Pacific island small states,PSS,..
2015,YR2015,Pakistan,PAK,29.0045925555989
2015,YR2015,Palau,PLW,..
2015,YR2015,Panama,PAN,170.011768859598
2015,YR2015,Papua New Guinea,PNG,..
2015,YR2015,Paraguay,PRY,-27.0790807237855
2015,YR2015,Peru,PER,-0.666077740380577
2015,YR2015,Philippines,PHL,49.3367264630033
2015,YR2015,Poland,POL,30.1532074780427
2015,YR2015,Portugal,PRT,84.2773216677394
2015,YR2015,Post-demographic dividend,PST,26.4142941747433
2015,YR2015,Pre-demographic dividend,PRE,-135.014305175845
2015,YR2015,Puerto Rico (US),PRI,..
2015,YR2015,Qatar,QAT,-479.505760954495
2015,YR2015,Romania,ROU,16.7628336345383
2015,YR2015,Russian Federation,RUS,-89.8620525060983
2015,YR2015,Rwanda,RWA,9.1290513498151
2015,YR2015,Samoa,WSM,..
2015,YR2015,San Marino,SMR,..
2015,YR2015,Sao Tome and Principe,STP,..
2015,YR2015,Saudi Arabia,SAU,-175.630386958295
2015,YR2015,Senegal,SEN,68.9810729727345
2015,YR2015,Serbia,SRB,27.8417033393736
2015,YR2015,Seychelles,SYC,..
2015,YR2015,Sierra Leone,SLE,..
2015,YR2015,Singapore,SGP,277.405757867332
2015,YR2015,Sint Maarten (Dutch part),SXM,..
2015,YR2015,Slovak Republic,SVK,57.3579679272209
2015,YR2015,Slovenia,SVN,49.0810501456121
2015,YR2015,Small states,SST,-75.9154494580108
2015,YR2015,Solomon Islands,SLB,..
2015,YR2015,"Somalia, Fed. Rep.",SOM,..
2015,YR2015,South Africa,ZAF,-17.6657935079825
2015,YR2015,South Asia,SAS,36.5217081747789
2015,YR2015,South Asia (IDA & IBRD),TSA,36.5217081747789
2015,YR2015,South Sudan,SSD,-801.69453358104
2015,YR2015,Spain,ESP,80.0358808031651
2015,YR2015,Sri Lanka,LKA,56.8569021007135
2015,YR2015,St. Kitts and Nevis,KNA,..
2015,YR2015,St. Lucia,LCA,..
2015,YR2015,St. Martin (French part),MAF,..
2015,YR2015,St. Vincent and the Grenadines,VCT,..
2015,YR2015,Sub-Saharan Africa,SSF,-58.1059255159534
2015,YR2015,Sub-Saharan Africa (excluding high income),SSA,-58.1059255159534
2015,YR2015,Sub-Saharan Africa (IDA & IBRD countries),TSS,-58.1059255159534
2015,YR2015,Sudan,SDN,4.16987024694937
2015,YR2015,Suriname,SUR,4.53007029419422
2015,YR2015,Sweden,SWE,32.883202401172
2015,YR2015,Switzerland,CHE,56.4345660140979
2015,YR2015,Syrian Arab Republic,SYR,59.6837060352488
2015,YR2015,Tajikistan,TJK,31.0273372811847
2015,YR2015,Tanzania,TZA,14.637670854505
2015,YR2015,Thailand,THA,46.3193962539699
2015,YR2015,Timor-Leste,TLS,..
2015,YR2015,Togo,TGO,..
2015,YR2015,Tonga,TON,..
2015,YR2015,Trinidad and Tobago,TTO,-90.9862083304454
2015,YR2015,Tunisia,TUN,45.1826044906527
2015,YR2015,Turkiye,TUR,80.4443196769827
2015,YR2015,Turkmenistan,TKM,-249.248057438709
2015,YR2015,Turks and Caicos Islands,TCA,..
2015,YR2015,Tuvalu,TUV,..
2015,YR2015,Uganda,UGA,9.16931174713258
2015,YR2015,Ukraine,UKR,32.3138309846762
2015,YR2015,United Arab Emirates,ARE,-144.956335243698
2015,YR2015,United Kingdom,GBR,40.2775678357428
2015,YR2015,United States,USA,11.738944672511
2015,YR2015,Upper middle income,UMC,-1.09658554455363
2015,YR2015,Uruguay,URY,48.1289475686782
2015,YR2015,Uzbekistan,UZB,-21.6515984403769
2015,YR2015,Vanuatu,VUT,..
2015,YR2015,"Venezuela, RB",VEN,-186.845880868101
2015,YR2015,Viet Nam,VNM,8.2509798159245
2015,YR2015,Virgin Islands (U.S.),VIR,..
2015,YR2015,West Bank and Gaza,PSE,..
2015,YR2015,World,WLD,-0.859959846833546
2015,YR2015,"Yemen, Rep.",YEM,-8.03426556451313
2015,YR2015,Zambia,ZMB,12.8652340849791
2015,YR2015,Zimbabwe,ZWE,18.2951536694899
2016,YR2016,Afghanistan,AFG,..
2016,YR2016,Africa Eastern and Southern,AFE,-27.6869692654807
2016,YR2016,Africa Western and Central,AFW,-115.284592266531
2016,YR2016,Albania,ALB,20.2723546315076
2016,YR2016,Algeria,DZA,-178.809782796404
2016,YR2016,American Samoa,ASM,..
2016,YR2016,Andorra,AND,..
2016,YR2016,Angola,AGO,-599.543341860681
2016,YR2016,Antigua and Barbuda,ATG,..
2016,YR2016,Arab World,ARB,-166.878051202971
2016,YR2016,Argentina,ARG,11.9993689573056
2016,YR2016,Armenia,ARM,68.2448098805489
2016,YR2016,Aruba,ABW,..
2016,YR2016,Australia,AUS,-206.230251314561
2016,YR2016,Austria,AUT,64.113786345696
2016,YR2016,Azerbaijan,AZE,-307.157437510433
2016,YR2016,"Bahamas, The",BHS,..
2016,YR2016,Bahrain,BHR,-57.2901895719304
2016,YR2016,Bangladesh,BGD,21.6719159236748
2016,YR2016,Barbados,BRB,..
2016,YR2016,Belarus,BLR,83.3138680271355
2016,YR2016,Belgium,BEL,86.2542281821502
2016,YR2016,Belize,BLZ,..
2016,YR2016,Benin,BEN,..
2016,YR2016,Bermuda,BMU,..
2016,YR2016,Bhutan,BTN,..
2016,YR2016,Bolivia,BOL,-149.600133837234
2016,YR2016,Bosnia and Herzegovina,BIH,31.5599865655548
2016,YR2016,Botswana,BWA,36.3459227467812
2016,YR2016,Brazil,BRA,2.67300702990516
2016,YR2016,British Virgin Islands,VGB,..
2016,YR2016,Brunei Darussalam,BRN,-405.091784436103
2016,YR2016,Bulgaria,BGR,39.3293566300094
2016,YR2016,Burkina Faso,BFA,..
2016,YR2016,Burundi,BDI,..
2016,YR2016,Cabo Verde,CPV,..
2016,YR2016,Cambodia,KHM,..
2016,YR2016,Cameroon,CMR,-27.9527989961132
2016,YR2016,Canada,CAN,-69.1173046088071
2016,YR2016,Caribbean small states,CSS,-81.9826726459832
2016,YR2016,Cayman Islands,CYM,..
2016,YR2016,Central African Republic,CAF,..
2016,YR2016,Central Europe and the Baltics,CEB,37.0870180160078
2016,YR2016,Chad,TCD,..
2016,YR2016,Channel Islands,CHI,..
2016,YR2016,Chile,CHL,69.1768970395068
2016,YR2016,China,CHN,19.1930740055994
2016,YR2016,Colombia,COL,-201.141101141046
2016,YR2016,Comoros,COM,..
2016,YR2016,"Congo, Dem. Rep.",COD,-0.520957690415576
2016,YR2016,"Congo, Rep.",COG,-395.355108891369
2016,YR2016,Costa Rica,CRI,56.1061929551092
2016,YR2016,Cote d'Ivoire,CIV,5.10007743388786
2016,YR2016,Croatia,HRV,49.3076562084777
2016,YR2016,Cuba,CUB,58.75061809063
2016,YR2016,Curacao,CUW,204.731023121456
2016,YR2016,Cyprus,CYP,120.81703321389
2016,YR2016,Czechia,CZE,32.8779327240992
2016,YR2016,Denmark,DNK,14.9737425486097
2016,YR2016,Djibouti,DJI,..
2016,YR2016,Dominica,DMA,..
2016,YR2016,Dominican Republic,DOM,94.4244459368703
2016,YR2016,Early-demographic dividend,EAR,-19.6903752916121
2016,YR2016,East Asia & Pacific,EAS,22.385780138916
2016,YR2016,East Asia & Pacific (excluding high income),EAP,11.8977113331572
2016,YR2016,East Asia & Pacific (IDA & IBRD countries),TEA,12.2833074290859
2016,YR2016,Ecuador,ECU,-113.629604695548
2016,YR2016,"Egypt, Arab Rep.",EGY,19.0539897872735
2016,YR2016,El Salvador,SLV,58.3762720417145
2016,YR2016,Equatorial Guinea,GNQ,-744.869926286317
2016,YR2016,Eritrea,ERI,..
2016,YR2016,Estonia,EST,8.58616288380267
2016,YR2016,Eswatini,SWZ,25.7079210901282
2016,YR2016,Ethiopia,ETH,10.2168595130039
2016,YR2016,Euro area,EMU,65.4323601275212
2016,YR2016,Europe & Central Asia,ECS,2.72591023735713
2016,YR2016,Europe & Central Asia (excluding high income),ECA,-3.87770759835536
2016,YR2016,Europe & Central Asia (IDA & IBRD countries),TEC,-46.8613555350243
2016,YR2016,European Union,EUU,59.3359030794775
2016,YR2016,Faroe Islands,FRO,..
2016,YR2016,Fiji,FJI,..
2016,YR2016,Finland,FIN,46.6827957867349
2016,YR2016,France,FRA,49.1470621392941
2016,YR2016,French Polynesia,PYF,..
2016,YR2016,Gabon,GAB,-199.619905615985
2016,YR2016,"Gambia, The",GMB,..
2016,YR2016,Georgia,GEO,73.0986401261331
2016,YR2016,Germany,DEU,66.3064728203049
2016,YR2016,Ghana,GHA,5.7147819614168
2016,YR2016,Gibraltar,GIB,..
2016,YR2016,Greece,GRC,81.3830379677673
2016,YR2016,Greenland,GRL,..
2016,YR2016,Grenada,GRD,..
2016,YR2016,Guam,GUM,..
2016,YR2016,Guatemala,GTM,37.5216198222507
2016,YR2016,Guinea,GIN,..
2016,YR2016,Guinea-Bissau,GNB,..
2016,YR2016,Guyana,GUY,..
2016,YR2016,Haiti,HTI,..
2016,YR2016,Heavily indebted poor countries (HIPC),HPC,-6.03023984508293
2016,YR2016,High income,HIC,-2.22484800349316
2016,YR2016,Honduras,HND,46.3187405827768
2016,YR2016,"Hong Kong SAR, China",HKG,202.968093657828
2016,YR2016,Hungary,HUN,55.8033314415332
2016,YR2016,IBRD only,IBD,-7.45027516988493
2016,YR2016,Iceland,ISL,..
2016,YR2016,IDA & IBRD total,IBT,-7.49737314707565
2016,YR2016,IDA blend,IDB,-27.7915050814487
2016,YR2016,IDA only,IDX,9.19017130968164
2016,YR2016,IDA total,IDA,-8.1042688571762
2016,YR2016,India,IND,37.3874186548518
2016,YR2016,Indonesia,IDN,-106.48517951201
2016,YR2016,"Iran, Islamic Rep.",IRN,-55.215546874525
2016,YR2016,Iraq,IRQ,-451.101947041262
2016,YR2016,Ireland,IRL,74.2255240987969
2016,YR2016,Isle of Man,IMN,..
2016,YR2016,Israel,ISR,68.5749437600896
2016,YR2016,Italy,ITA,80.4850506548451
2016,YR2016,Jamaica,JAM,108.191210511983
2016,YR2016,Japan,JPN,93.813281550921
2016,YR2016,Jordan,JOR,101.256104382247
2016,YR2016,Kazakhstan,KAZ,-138.721448149402
2016,YR2016,Kenya,KEN,22.1701438949297
2016,YR2016,Kiribati,KIR,..
2016,YR2016,"Korea, Dem. People's Rep.",PRK,-118.52009925333
2016,YR2016,"Korea, Rep.",KOR,86.9376320928771
2016,YR2016,Kosovo,XKX,..
2016,YR2016,Kuwait,KWT,-357.431130278287
2016,YR2016,Kyrgyz Republic,KGZ,52.8266821949375
2016,YR2016,Lao PDR,LAO,-10.4965663937506
2016,YR2016,Late-demographic dividend,LTE,-12.7542836811864
2016,YR2016,Latin America & Caribbean,LCN,-18.0503779626785
2016,YR2016,Latin America & Caribbean (excluding high income),LAC,-23.3488306714033
2016,YR2016,Latin America & the Caribbean (IDA & IBRD countries),TLA,-19.5094177213458
2016,YR2016,Latvia,LVA,52.0818488366221
2016,YR2016,Least developed countries: UN classification,LDC,-30.439987056554
2016,YR2016,Lebanon,LBN,..
2016,YR2016,Lesotho,LSO,..
2016,YR2016,Liberia,LBR,..
2016,YR2016,Libya,LBY,-75.2332488095071
2016,YR2016,Liechtenstein,LIE,..
2016,YR2016,Lithuania,LTU,78.0349272624847
2016,YR2016,Low & middle income,LMY,-0.108415657303946
2016,YR2016,Low income,LIC,-6.77369022571896
2016,YR2016,Lower middle income,LMC,6.08652427095949
2016,YR2016,Luxembourg,LUX,109.555050887375
2016,YR2016,"Macao SAR, China",MAC,..
2016,YR2016,Madagascar,MDG,..
2016,YR2016,Malawi,MWI,..
2016,YR2016,Malaysia,MYS,-8.0938585553716
2016,YR2016,Maldives,MDV,..
2016,YR2016,Mali,MLI,..
2016,YR2016,Malta,MLT,419.058493589744
2016,YR2016,Marshall Islands,MHL,..
2016,YR2016,Mauritania,MRT,..
2016,YR2016,Mauritius,MUS,..
2016,YR2016,Mexico,MEX,4.93383715309556
2016,YR2016,"Micronesia, Fed. Sts.",FSM,..
2016,YR2016,"Middle East, North Africa, Afghanistan & Pakistan",MEA,-120.800024881728
2016,YR2016,"Middle East, North Africa, Afghanistan & Pakistan (excluding high income)",MNA,-57.9665699469284
2016,YR2016,"Middle East, North Africa, Afghanistan & Pakistan (IDA & IBRD)",TMN,-57.9665699469284
2016,YR2016,Middle income,MIC,0.0418185095028171
2016,YR2016,Moldova,MDA,81.9081303162418
2016,YR2016,Monaco,MCO,..
2016,YR2016,Mongolia,MNG,-327.324729444869
2016,YR2016,Montenegro,MNE,35.3510002214512
2016,YR2016,Morocco,MAR,94.9250966307845
2016,YR2016,Mozambique,MOZ,-73.7472209539496
2016,YR2016,Myanmar,MMR,-45.8534329683339
2016,YR2016,Namibia,NAM,76.7857142857141
2016,YR2016,Naoero,NRU,..
2016,YR2016,Nepal,NPL,23.0634708746915
2016,YR2016,Netherlands,NLD,55.4882960774675
2016,YR2016,New Caledonia,NCL,..
2016,YR2016,New Zealand,NZL,28.7609505349372
2016,YR2016,Nicaragua,NIC,43.1713833305821
2016,YR2016,Niger,NER,-2.75245881100043
2016,YR2016,Nigeria,NGA,-139.576545726713
2016,YR2016,North America,NAC,2.75927948476928
2016,YR2016,North Macedonia,MKD,59.1787890920414
2016,YR2016,Northern Mariana Islands,MNP,..
2016,YR2016,Norway,NOR,-647.763288403334
2016,YR2016,Not classified,INX,..
2016,YR2016,OECD members,OED,23.3965445676104
2016,YR2016,Oman,OMN,-217.044049720009
2016,YR2016,Other small states,OSS,-41.8412896791073
2016,YR2016,Pacific island small states,PSS,..
2016,YR2016,Pakistan,PAK,33.3820988770975
2016,YR2016,Palau,PLW,..
2016,YR2016,Panama,PAN,182.570149084519
2016,YR2016,Papua New Guinea,PNG,..
2016,YR2016,Paraguay,PRY,-26.9531597983145
2016,YR2016,Peru,PER,0.645431141520855
2016,YR2016,Philippines,PHL,47.8208374406454
2016,YR2016,Poland,POL,31.1609310618477
2016,YR2016,Portugal,PRT,80.5911421809256
2016,YR2016,Post-demographic dividend,PST,26.3502157724051
2016,YR2016,Pre-demographic dividend,PRE,-134.386727654103
2016,YR2016,Puerto Rico (US),PRI,..
2016,YR2016,Qatar,QAT,-495.965255306416
2016,YR2016,Romania,ROU,21.9859554487795
2016,YR2016,Russian Federation,RUS,-90.2786476218132
2016,YR2016,Rwanda,RWA,9.0707926354914
2016,YR2016,Samoa,WSM,..
2016,YR2016,San Marino,SMR,..
2016,YR2016,Sao Tome and Principe,STP,..
2016,YR2016,Saudi Arabia,SAU,-188.313378451395
2016,YR2016,Senegal,SEN,68.3595025541972
2016,YR2016,Serbia,SRB,30.0627769340857
2016,YR2016,Seychelles,SYC,..
2016,YR2016,Sierra Leone,SLE,..
2016,YR2016,Singapore,SGP,274.260261369755
2016,YR2016,Sint Maarten (Dutch part),SXM,..
2016,YR2016,Slovak Republic,SVK,57.4894350317092
2016,YR2016,Slovenia,SVN,49.1781653352419
2016,YR2016,Small states,SST,-64.2293099317047
2016,YR2016,Solomon Islands,SLB,..
2016,YR2016,"Somalia, Fed. Rep.",SOM,..
2016,YR2016,South Africa,ZAF,-14.3066269248334
2016,YR2016,South Asia,SAS,36.7863949482855
2016,YR2016,South Asia (IDA & IBRD),TSA,36.7863949482855
2016,YR2016,South Sudan,SSD,-827.100068497415
2016,YR2016,Spain,ESP,78.8824970227639
2016,YR2016,Sri Lanka,LKA,62.152495967884
2016,YR2016,St. Kitts and Nevis,KNA,..
2016,YR2016,St. Lucia,LCA,..
2016,YR2016,St. Martin (French part),MAF,..
2016,YR2016,St. Vincent and the Grenadines,VCT,..
2016,YR2016,Sub-Saharan Africa,SSF,-49.3276464508299
2016,YR2016,Sub-Saharan Africa (excluding high income),SSA,-49.3276464508299
2016,YR2016,Sub-Saharan Africa (IDA & IBRD countries),TSS,-49.3276464508299
2016,YR2016,Sudan,SDN,5.67939640761852
2016,YR2016,Suriname,SUR,13.7920496485578
2016,YR2016,Sweden,SWE,35.3637060312274
2016,YR2016,Switzerland,CHE,60.1477701954962
2016,YR2016,Syrian Arab Republic,SYR,61.7432391534368
2016,YR2016,Tajikistan,TJK,29.6614364203336
2016,YR2016,Tanzania,TZA,14.0791264686853
2016,YR2016,Thailand,THA,45.7149338923838
2016,YR2016,Timor-Leste,TLS,..
2016,YR2016,Togo,TGO,..
2016,YR2016,Tonga,TON,..
2016,YR2016,Trinidad and Tobago,TTO,-87.8494512172291
2016,YR2016,Tunisia,TUN,47.5548046077732
2016,YR2016,Turkiye,TUR,77.2878181142887
2016,YR2016,Turkmenistan,TKM,-236.063033970097
2016,YR2016,Turks and Caicos Islands,TCA,..
2016,YR2016,Tuvalu,TUV,..
2016,YR2016,Uganda,UGA,22.0480331919573
2016,YR2016,Ukraine,UKR,30.2136005974433
2016,YR2016,United Arab Emirates,ARE,-138.130060398239
2016,YR2016,United Kingdom,GBR,37.9543303353766
2016,YR2016,United States,USA,12.2997773544084
2016,YR2016,Upper middle income,UMC,-1.66473045782042
2016,YR2016,Uruguay,URY,44.3243908329878
2016,YR2016,Uzbekistan,UZB,-19.2502939633838
2016,YR2016,Vanuatu,VUT,..
2016,YR2016,"Venezuela, RB",VEN,-188.124132744977
2016,YR2016,Viet Nam,VNM,16.0161241734677
2016,YR2016,Virgin Islands (U.S.),VIR,..
2016,YR2016,West Bank and Gaza,PSE,..
2016,YR2016,World,WLD,-1.13680454737877
2016,YR2016,"Yemen, Rep.",YEM,47.963453697012
2016,YR2016,Zambia,ZMB,12.9336125637149
2016,YR2016,Zimbabwe,ZWE,20.5155264856758
2017,YR2017,Afghanistan,AFG,..
2017,YR2017,Africa Eastern and Southern,AFE,-27.2548750564329
2017,YR2017,Africa Western and Central,AFW,-121.951013206906
2017,YR2017,Albania,ALB,38.8336005323813
2017,YR2017,Algeria,DZA,-169.879215032606
2017,YR2017,American Samoa,ASM,..
2017,YR2017,Andorra,AND,..
2017,YR2017,Angola,AGO,-564.384879106892
2017,YR2017,Antigua and Barbuda,ATG,..
2017,YR2017,Arab World,ARB,-155.742070564787
2017,YR2017,Argentina,ARG,13.2189146873857
2017,YR2017,Armenia,ARM,68.960568280661
2017,YR2017,Aruba,ABW,..
2017,YR2017,Australia,AUS,-213.039219172204
2017,YR2017,Austria,AUT,65.9463812391604
2017,YR2017,Azerbaijan,AZE,-278.235862973283
2017,YR2017,"Bahamas, The",BHS,..
2017,YR2017,Bahrain,BHR,-56.809980288761
2017,YR2017,Bangladesh,BGD,23.889970217061
2017,YR2017,Barbados,BRB,..
2017,YR2017,Belarus,BLR,84.8940442128735
2017,YR2017,Belgium,BEL,86.9380442337664
2017,YR2017,Belize,BLZ,..
2017,YR2017,Benin,BEN,..
2017,YR2017,Bermuda,BMU,..
2017,YR2017,Bhutan,BTN,..
2017,YR2017,Bolivia,BOL,-132.556085404388
2017,YR2017,Bosnia and Herzegovina,BIH,34.076435377041
2017,YR2017,Botswana,BWA,31.8986800092167
2017,YR2017,Brazil,BRA,1.14058560979895
2017,YR2017,British Virgin Islands,VGB,..
2017,YR2017,Brunei Darussalam,BRN,-332.169019646559
2017,YR2017,Bulgaria,BGR,40.266772200286
2017,YR2017,Burkina Faso,BFA,..
2017,YR2017,Burundi,BDI,..
2017,YR2017,Cabo Verde,CPV,..
2017,YR2017,Cambodia,KHM,..
2017,YR2017,Cameroon,CMR,-20.5648342065935
2017,YR2017,Canada,CAN,-71.7314725772424
2017,YR2017,Caribbean small states,CSS,-83.804587673834
2017,YR2017,Cayman Islands,CYM,..
2017,YR2017,Central African Republic,CAF,..
2017,YR2017,Central Europe and the Baltics,CEB,41.8546599418068
2017,YR2017,Chad,TCD,-157.66185165781
2017,YR2017,Channel Islands,CHI,..
2017,YR2017,Chile,CHL,68.361001924862
2017,YR2017,China,CHN,20.4189899878205
2017,YR2017,Colombia,COL,-250.107607124827
2017,YR2017,Comoros,COM,..
2017,YR2017,"Congo, Dem. Rep.",COD,-0.327630695896901
2017,YR2017,"Congo, Rep.",COG,-463.76083273604
2017,YR2017,Costa Rica,CRI,60.5187406296853
2017,YR2017,Cote d'Ivoire,CIV,3.01472428938805
2017,YR2017,Croatia,HRV,54.2575633620537
2017,YR2017,Cuba,CUB,55.238831093573
2017,YR2017,Curacao,CUW,223.771251931993
2017,YR2017,Cyprus,CYP,..
2017,YR2017,Czechia,CZE,37.2880141258682
2017,YR2017,Denmark,DNK,12.4713219097749
2017,YR2017,Djibouti,DJI,..
2017,YR2017,Dominica,DMA,..
2017,YR2017,Dominican Republic,DOM,93.0408093977049
2017,YR2017,Early-demographic dividend,EAR,-16.6587646387187
2017,YR2017,East Asia & Pacific,EAS,23.4937741043426
2017,YR2017,East Asia & Pacific (excluding high income),EAP,13.5680983963827
2017,YR2017,East Asia & Pacific (IDA & IBRD countries),TEA,13.6464771147143
2017,YR2017,Ecuador,ECU,-104.550857908294
2017,YR2017,"Egypt, Arab Rep.",EGY,14.1299520398099
2017,YR2017,El Salvador,SLV,54.9469270082557
2017,YR2017,Equatorial Guinea,GNQ,-780.572064499325
2017,YR2017,Eritrea,ERI,..
2017,YR2017,Estonia,EST,4.81112411843652
2017,YR2017,Eswatini,SWZ,29.762890010759
2017,YR2017,Ethiopia,ETH,10.5205015940586
2017,YR2017,Euro area,EMU,66.8441123120227
2017,YR2017,Europe & Central Asia,ECS,3.22972777196167
2017,YR2017,Europe & Central Asia (excluding high income),ECA,-1.78684029034133
2017,YR2017,Europe & Central Asia (IDA & IBRD countries),TEC,-45.9069266591359
2017,YR2017,European Union,EUU,60.9268034980024
2017,YR2017,Faroe Islands,FRO,..
2017,YR2017,Fiji,FJI,..
2017,YR2017,Finland,FIN,45.2671537059778
2017,YR2017,France,FRA,50.6501252511912
2017,YR2017,French Polynesia,PYF,..
2017,YR2017,Gabon,GAB,-195.861340221315
2017,YR2017,"Gambia, The",GMB,..
2017,YR2017,Georgia,GEO,74.4071642956491
2017,YR2017,Germany,DEU,66.6211966116221
2017,YR2017,Ghana,GHA,-37.0331149423012
2017,YR2017,Gibraltar,GIB,..
2017,YR2017,Greece,GRC,81.8522814918663
2017,YR2017,Greenland,GRL,..
2017,YR2017,Grenada,GRD,..
2017,YR2017,Guam,GUM,..
2017,YR2017,Guatemala,GTM,35.5112619561864
2017,YR2017,Guinea,GIN,..
2017,YR2017,Guinea-Bissau,GNB,..
2017,YR2017,Guyana,GUY,..
2017,YR2017,Haiti,HTI,..
2017,YR2017,Heavily indebted poor countries (HIPC),HPC,-10.8790562596705
2017,YR2017,High income,HIC,-2.77935855117735
2017,YR2017,Honduras,HND,61.5530399566282
2017,YR2017,"Hong Kong SAR, China",HKG,230.018642326729
2017,YR2017,Hungary,HUN,62.7320595622535
2017,YR2017,IBRD only,IBD,-6.33877611348536
2017,YR2017,Iceland,ISL,..
2017,YR2017,IDA & IBRD total,IBT,-6.64067654464542
2017,YR2017,IDA blend,IDB,-26.6685111748472
2017,YR2017,IDA only,IDX,3.24943313381324
2017,YR2017,IDA total,IDA,-10.5189587540147
2017,YR2017,India,IND,37.4713105330607
2017,YR2017,Indonesia,IDN,-100.401414525223
2017,YR2017,"Iran, Islamic Rep.",IRN,-53.5976964323682
2017,YR2017,Iraq,IRQ,-404.958840172483
2017,YR2017,Ireland,IRL,71.4047045896876
2017,YR2017,Isle of Man,IMN,..
2017,YR2017,Israel,ISR,74.1220928819656
2017,YR2017,Italy,ITA,81.1780064494272
2017,YR2017,Jamaica,JAM,113.83416343848
2017,YR2017,Japan,JPN,93.0886712405363
2017,YR2017,Jordan,JOR,98.8616582684381
2017,YR2017,Kazakhstan,KAZ,-159.17985508135
2017,YR2017,Kenya,KEN,23.1441579407064
2017,YR2017,Kiribati,KIR,..
2017,YR2017,"Korea, Dem. People's Rep.",PRK,-1.00236537524
2017,YR2017,"Korea, Rep.",KOR,88.471036646429
2017,YR2017,Kosovo,XKX,..
2017,YR2017,Kuwait,KWT,-316.191700855716
2017,YR2017,Kyrgyz Republic,KGZ,48.9552275889485
2017,YR2017,Lao PDR,LAO,-18.4440867246843
2017,YR2017,Late-demographic dividend,LTE,-11.3381769406492
2017,YR2017,Latin America & Caribbean,LCN,-17.048438663113
2017,YR2017,Latin America & Caribbean (excluding high income),LAC,-22.2351546526566
2017,YR2017,Latin America & the Caribbean (IDA & IBRD countries),TLA,-18.3499775112477
2017,YR2017,Latvia,LVA,48.1886831376255
2017,YR2017,Least developed countries: UN classification,LDC,-28.7049624400587
2017,YR2017,Lebanon,LBN,100.790008118141
2017,YR2017,Lesotho,LSO,..
2017,YR2017,Liberia,LBR,..
2017,YR2017,Libya,LBY,-172.417316925856
2017,YR2017,Liechtenstein,LIE,..
2017,YR2017,Lithuania,LTU,75.129197329922
2017,YR2017,Low & middle income,LMY,0.924670376239532
2017,YR2017,Low income,LIC,-4.49326114906991
2017,YR2017,Lower middle income,LMC,8.71096320000751
2017,YR2017,Luxembourg,LUX,110.172685055954
2017,YR2017,"Macao SAR, China",MAC,..
2017,YR2017,Madagascar,MDG,13.7006490799738
2017,YR2017,Malawi,MWI,..
2017,YR2017,Malaysia,MYS,-9.46619716840316
2017,YR2017,Maldives,MDV,..
2017,YR2017,Mali,MLI,..
2017,YR2017,Malta,MLT,450.181459427082
2017,YR2017,Marshall Islands,MHL,..
2017,YR2017,Mauritania,MRT,..
2017,YR2017,Mauritius,MUS,..
2017,YR2017,Mexico,MEX,11.4340419264569
2017,YR2017,"Micronesia, Fed. Sts.",FSM,..
2017,YR2017,"Middle East, North Africa, Afghanistan & Pakistan",MEA,-112.039543418927
2017,YR2017,"Middle East, North Africa, Afghanistan & Pakistan (excluding high income)",MNA,-56.4504049463352
2017,YR2017,"Middle East, North Africa, Afghanistan & Pakistan (IDA & IBRD)",TMN,-56.4504049463352
2017,YR2017,Middle income,MIC,1.06330339924085
2017,YR2017,Moldova,MDA,80.8831465273944
2017,YR2017,Monaco,MCO,..
2017,YR2017,Mongolia,MNG,-374.491359496041
2017,YR2017,Montenegro,MNE,41.3384348152667
2017,YR2017,Morocco,MAR,95.1279323169679
2017,YR2017,Mozambique,MOZ,-123.059393541235
2017,YR2017,Myanmar,MMR,-26.8257191999692
2017,YR2017,Namibia,NAM,73.8929385269388
2017,YR2017,Naoero,NRU,..
2017,YR2017,Nepal,NPL,25.9075250788998
2017,YR2017,Netherlands,NLD,62.3248617993986
2017,YR2017,New Caledonia,NCL,..
2017,YR2017,New Zealand,NZL,28.8259779776374
2017,YR2017,Nicaragua,NIC,44.4573342103688
2017,YR2017,Niger,NER,-8.3574134471619
2017,YR2017,Nigeria,NGA,-151.927044735209
2017,YR2017,North America,NAC,-1.6291623237132
2017,YR2017,North Macedonia,MKD,56.809794490599
2017,YR2017,Northern Mariana Islands,MNP,..
2017,YR2017,Norway,NOR,-626.860755191734
2017,YR2017,Not classified,INX,..
2017,YR2017,OECD members,OED,21.868359334401
2017,YR2017,Oman,OMN,-191.670098235702
2017,YR2017,Other small states,OSS,..
2017,YR2017,Pacific island small states,PSS,..
2017,YR2017,Pakistan,PAK,39.1478409126632
2017,YR2017,Palau,PLW,..
2017,YR2017,Panama,PAN,194.359692643469
2017,YR2017,Papua New Guinea,PNG,..
2017,YR2017,Paraguay,PRY,-18.440096941221
2017,YR2017,Peru,PER,2.06069726511088
2017,YR2017,Philippines,PHL,49.8100381952249
2017,YR2017,Poland,POL,38.8223890800057
2017,YR2017,Portugal,PRT,87.1736436597448
2017,YR2017,Post-demographic dividend,PST,24.6907399173136
2017,YR2017,Pre-demographic dividend,PRE,-129.455822099946
2017,YR2017,Puerto Rico (US),PRI,..
2017,YR2017,Qatar,QAT,-420.581659623901
2017,YR2017,Romania,ROU,23.494459981394
2017,YR2017,Russian Federation,RUS,-91.767026435367
2017,YR2017,Rwanda,RWA,9.85553807758367
2017,YR2017,Samoa,WSM,..
2017,YR2017,San Marino,SMR,..
2017,YR2017,Sao Tome and Principe,STP,..
2017,YR2017,Saudi Arabia,SAU,-170.01284446789
2017,YR2017,Senegal,SEN,63.9234779132964
2017,YR2017,Serbia,SRB,34.139277708288
2017,YR2017,Seychelles,SYC,..
2017,YR2017,Sierra Leone,SLE,..
2017,YR2017,Singapore,SGP,275.903826650794
2017,YR2017,Sint Maarten (Dutch part),SXM,..
2017,YR2017,Slovak Republic,SVK,61.8303015860407
2017,YR2017,Slovenia,SVN,51.1019448090133
2017,YR2017,Small states,SST,-75.8766271424991
2017,YR2017,Solomon Islands,SLB,..
2017,YR2017,"Somalia, Fed. Rep.",SOM,..
2017,YR2017,South Africa,ZAF,-15.4268438091069
2017,YR2017,South Asia,SAS,36.6835463417329
2017,YR2017,South Asia (IDA & IBRD),TSA,36.6835463417329
2017,YR2017,South Sudan,SSD,-962.533674792963
2017,YR2017,Spain,ESP,80.8546276046496
2017,YR2017,Sri Lanka,LKA,..
2017,YR2017,St. Kitts and Nevis,KNA,..
2017,YR2017,St. Lucia,LCA,..
2017,YR2017,St. Martin (French part),MAF,..
2017,YR2017,St. Vincent and the Grenadines,VCT,..
2017,YR2017,Sub-Saharan Africa,SSF,-50.947118037557
2017,YR2017,Sub-Saharan Africa (excluding high income),SSA,-50.947118037557
2017,YR2017,Sub-Saharan Africa (IDA & IBRD countries),TSS,-50.9471180375569
2017,YR2017,Sudan,SDN,9.25919849775117
2017,YR2017,Suriname,SUR,7.6422642638151
2017,YR2017,Sweden,SWE,28.6965231394653
2017,YR2017,Switzerland,CHE,60.5829805254047
2017,YR2017,Syrian Arab Republic,SYR,66.5153610918997
2017,YR2017,Tajikistan,TJK,24.1780734297045
2017,YR2017,Tanzania,TZA,12.9016480033805
2017,YR2017,Thailand,THA,47.6577862985132
2017,YR2017,Timor-Leste,TLS,..
2017,YR2017,Togo,TGO,15.1421966166379
2017,YR2017,Tonga,TON,..
2017,YR2017,Trinidad and Tobago,TTO,-89.0427720674429
2017,YR2017,Tunisia,TUN,52.3621384277953
2017,YR2017,Turkiye,TUR,79.1725104847079
2017,YR2017,Turkmenistan,TKM,-230.67380495554
2017,YR2017,Turks and Caicos Islands,TCA,..
2017,YR2017,Tuvalu,TUV,..
2017,YR2017,Uganda,UGA,21.7751133948679
2017,YR2017,Ukraine,UKR,37.0787870531022
2017,YR2017,United Arab Emirates,ARE,-163.562735811068
2017,YR2017,United Kingdom,GBR,38.0304654846969
2017,YR2017,United States,USA,8.10034813467893
2017,YR2017,Upper middle income,UMC,-1.12885393631241
2017,YR2017,Uruguay,URY,39.2909394190717
2017,YR2017,Uzbekistan,UZB,-15.4708920311501
2017,YR2017,Vanuatu,VUT,..
2017,YR2017,"Venezuela, RB",VEN,-170.104677355241
2017,YR2017,Viet Nam,VNM,18.9278038893355
2017,YR2017,Virgin Islands (U.S.),VIR,..
2017,YR2017,West Bank and Gaza,PSE,..
2017,YR2017,World,WLD,-0.84911486746818
2017,YR2017,"Yemen, Rep.",YEM,-15.5430073016129
2017,YR2017,Zambia,ZMB,10.8790165895942
2017,YR2017,Zimbabwe,ZWE,22.2271727002231
2018,YR2018,Afghanistan,AFG,..
2018,YR2018,Africa Eastern and Southern,AFE,-25.3082095938359
2018,YR2018,Africa Western and Central,AFW,-126.097169769797
2018,YR2018,Albania,ALB,21.2694877505569
2018,YR2018,Algeria,DZA,-152.180719220858
2018,YR2018,American Samoa,ASM,..
2018,YR2018,Andorra,AND,..
2018,YR2018,Angola,AGO,-558.350771386648
2018,YR2018,Antigua and Barbuda,ATG,..
2018,YR2018,Arab World,ARB,-161.228434741317
2018,YR2018,Argentina,ARG,8.60875532272658
2018,YR2018,Armenia,ARM,72.731773920089
2018,YR2018,Aruba,ABW,..
2018,YR2018,Australia,AUS,-221.13514781466
2018,YR2018,Austria,AUT,66.5257775487766
2018,YR2018,Azerbaijan,AZE,-286.420238991512
2018,YR2018,"Bahamas, The",BHS,..
2018,YR2018,Bahrain,BHR,-53.6005426856606
2018,YR2018,Bangladesh,BGD,24.5741159464946
2018,YR2018,Barbados,BRB,..
2018,YR2018,Belarus,BLR,86.0281547043364
2018,YR2018,Belgium,BEL,99.6990006606646
2018,YR2018,Belize,BLZ,..
2018,YR2018,Benin,BEN,..
2018,YR2018,Bermuda,BMU,..
2018,YR2018,Bhutan,BTN,..
2018,YR2018,Bolivia,BOL,-114.956340623248
2018,YR2018,Bosnia and Herzegovina,BIH,24.2811144045711
2018,YR2018,Botswana,BWA,30.9490123313618
2018,YR2018,Brazil,BRA,-0.816754027000633
2018,YR2018,British Virgin Islands,VGB,..
2018,YR2018,Brunei Darussalam,BRN,-339.578885129588
2018,YR2018,Bulgaria,BGR,37.3715030283055
2018,YR2018,Burkina Faso,BFA,..
2018,YR2018,Burundi,BDI,..
2018,YR2018,Cabo Verde,CPV,..
2018,YR2018,Cambodia,KHM,..
2018,YR2018,Cameroon,CMR,-24.0501452632405
2018,YR2018,Canada,CAN,-75.0034002036097
2018,YR2018,Caribbean small states,CSS,-93.456370650141
2018,YR2018,Cayman Islands,CYM,..
2018,YR2018,Central African Republic,CAF,..
2018,YR2018,Central Europe and the Baltics,CEB,43.2163358250934
2018,YR2018,Chad,TCD,-171.727077004748
2018,YR2018,Channel Islands,CHI,..
2018,YR2018,Chile,CHL,67.6635625998358
2018,YR2018,China,CHN,21.668746469651
2018,YR2018,Colombia,COL,-228.78509726312
2018,YR2018,Comoros,COM,..
2018,YR2018,"Congo, Dem. Rep.",COD,0.182444854735028
2018,YR2018,"Congo, Rep.",COG,-548.500698175277
2018,YR2018,Costa Rica,CRI,58.3669186196827
2018,YR2018,Cote d'Ivoire,CIV,7.79211013980921
2018,YR2018,Croatia,HRV,54.123044016661
2018,YR2018,Cuba,CUB,50.3939463536692
2018,YR2018,Curacao,CUW,236.119002525253
2018,YR2018,Cyprus,CYP,..
2018,YR2018,Czechia,CZE,37.0866596456497
2018,YR2018,Denmark,DNK,25.164626991502
2018,YR2018,Djibouti,DJI,..
2018,YR2018,Dominica,DMA,..
2018,YR2018,Dominican Republic,DOM,93.4202061685888
2018,YR2018,Early-demographic dividend,EAR,-16.8228476671918
2018,YR2018,East Asia & Pacific,EAS,23.796505035413
2018,YR2018,East Asia & Pacific (excluding high income),EAP,14.9027102898584
2018,YR2018,East Asia & Pacific (IDA & IBRD countries),TEA,14.9465933342803
2018,YR2018,Ecuador,ECU,-98.7115274634102
2018,YR2018,"Egypt, Arab Rep.",EGY,4.99573458891528
2018,YR2018,El Salvador,SLV,57.4519137737529
2018,YR2018,Equatorial Guinea,GNQ,-517.425219387917
2018,YR2018,Eritrea,ERI,..
2018,YR2018,Estonia,EST,1.46471933243901
2018,YR2018,Eswatini,SWZ,29.1089599372535
2018,YR2018,Ethiopia,ETH,11.2365271440852
2018,YR2018,Euro area,EMU,67.4185026337427
2018,YR2018,Europe & Central Asia,ECS,1.95838089464125
2018,YR2018,Europe & Central Asia (excluding high income),ECA,-4.65024561729315
2018,YR2018,Europe & Central Asia (IDA & IBRD countries),TEC,-47.1051430026834
2018,YR2018,European Union,EUU,61.7606549581209
2018,YR2018,Faroe Islands,FRO,..
2018,YR2018,Fiji,FJI,..
2018,YR2018,Finland,FIN,46.7658274035664
2018,YR2018,France,FRA,48.740565044734
2018,YR2018,French Polynesia,PYF,..
2018,YR2018,Gabon,GAB,-172.013529851764
2018,YR2018,"Gambia, The",GMB,..
2018,YR2018,Georgia,GEO,77.3334383600085
2018,YR2018,Germany,DEU,66.2019306623099
2018,YR2018,Ghana,GHA,-33.6512710092446
2018,YR2018,Gibraltar,GIB,..
2018,YR2018,Greece,GRC,82.0229123086558
2018,YR2018,Greenland,GRL,..
2018,YR2018,Grenada,GRD,..
2018,YR2018,Guam,GUM,..
2018,YR2018,Guatemala,GTM,35.695301965492
2018,YR2018,Guinea,GIN,..
2018,YR2018,Guinea-Bissau,GNB,..
2018,YR2018,Guyana,GUY,..
2018,YR2018,Haiti,HTI,..
2018,YR2018,Heavily indebted poor countries (HIPC),HPC,-10.0128112513907
2018,YR2018,High income,HIC,-5.50292672102945
2018,YR2018,Honduras,HND,51.6136292807922
2018,YR2018,"Hong Kong SAR, China",HKG,226.605754647412
2018,YR2018,Hungary,HUN,58.3633848116503
2018,YR2018,IBRD only,IBD,-4.83631816874635
2018,YR2018,Iceland,ISL,..
2018,YR2018,IDA & IBRD total,IBT,-5.29185341808673
2018,YR2018,IDA blend,IDB,-32.8209441162727
2018,YR2018,IDA only,IDX,6.5512389135838
2018,YR2018,IDA total,IDA,-11.2008053225474
2018,YR2018,India,IND,37.5843467719926
2018,YR2018,Indonesia,IDN,-98.0132758893818
2018,YR2018,"Iran, Islamic Rep.",IRN,-49.7887589905094
2018,YR2018,Iraq,IRQ,-362.545083013579
2018,YR2018,Ireland,IRL,73.3281580389667
2018,YR2018,Isle of Man,IMN,..
2018,YR2018,Israel,ISR,68.0044014046484
2018,YR2018,Italy,ITA,80.9707217224841
2018,YR2018,Jamaica,JAM,109.229935725367
2018,YR2018,Japan,JPN,91.4437393045403
2018,YR2018,Jordan,JOR,96.9987865926365
2018,YR2018,Kazakhstan,KAZ,-138.052784736523
2018,YR2018,Kenya,KEN,23.1133767187919
2018,YR2018,Kiribati,KIR,..
2018,YR2018,"Korea, Dem. People's Rep.",PRK,5.53043441673447
2018,YR2018,"Korea, Rep.",KOR,89.4697678996836
2018,YR2018,Kosovo,XKX,..
2018,YR2018,Kuwait,KWT,-301.773136849532
2018,YR2018,Kyrgyz Republic,KGZ,48.1619323691757
2018,YR2018,Lao PDR,LAO,-21.7928941186253
2018,YR2018,Late-demographic dividend,LTE,-9.54260360133367
2018,YR2018,Latin America & Caribbean,LCN,-12.6821006220015
2018,YR2018,Latin America & Caribbean (excluding high income),LAC,-17.3921360306151
2018,YR2018,Latin America & the Caribbean (IDA & IBRD countries),TLA,-13.8102426116149
2018,YR2018,Latvia,LVA,46.2654243003955
2018,YR2018,Least developed countries: UN classification,LDC,-25.2551556298339
2018,YR2018,Lebanon,LBN,100.733418634018
2018,YR2018,Lesotho,LSO,..
2018,YR2018,Liberia,LBR,..
2018,YR2018,Libya,LBY,-249.99634787412
2018,YR2018,Liechtenstein,LIE,..
2018,YR2018,Lithuania,LTU,77.7375707009157
2018,YR2018,Low & middle income,LMY,2.60502158026817
2018,YR2018,Low income,LIC,-3.040348383342
2018,YR2018,Lower middle income,LMC,10.1881042307847
2018,YR2018,Luxembourg,LUX,110.19238189736
2018,YR2018,"Macao SAR, China",MAC,..
2018,YR2018,Madagascar,MDG,..
2018,YR2018,Malawi,MWI,..
2018,YR2018,Malaysia,MYS,-2.31632847100387
2018,YR2018,Maldives,MDV,..
2018,YR2018,Mali,MLI,..
2018,YR2018,Malta,MLT,437.49649368864
2018,YR2018,Marshall Islands,MHL,..
2018,YR2018,Mauritania,MRT,..
2018,YR2018,Mauritius,MUS,..
2018,YR2018,Mexico,MEX,16.7913179157596
2018,YR2018,"Micronesia, Fed. Sts.",FSM,..
2018,YR2018,"Middle East, North Africa, Afghanistan & Pakistan",MEA,-115.692298551111
2018,YR2018,"Middle East, North Africa, Afghanistan & Pakistan (excluding high income)",MNA,-57.5154490446188
2018,YR2018,"Middle East, North Africa, Afghanistan & Pakistan (IDA & IBRD)",TMN,-57.5154490446189
2018,YR2018,Middle income,MIC,2.74172312224634
2018,YR2018,Moldova,MDA,81.9775124472026
2018,YR2018,Monaco,MCO,..
2018,YR2018,Mongolia,MNG,-364.047228020951
2018,YR2018,Montenegro,MNE,31.8222060793172
2018,YR2018,Morocco,MAR,96.2868283378303
2018,YR2018,Mozambique,MOZ,-110.812960990278
2018,YR2018,Myanmar,MMR,-21.4529603217206
2018,YR2018,Namibia,NAM,77.5421211623294
2018,YR2018,Naoero,NRU,..
2018,YR2018,Nepal,NPL,28.0565692661672
2018,YR2018,Netherlands,NLD,71.6848928275648
2018,YR2018,New Caledonia,NCL,..
2018,YR2018,New Zealand,NZL,33.5178852907583
2018,YR2018,Nicaragua,NIC,41.0142795745788
2018,YR2018,Niger,NER,-4.3116913736701
2018,YR2018,Nigeria,NGA,-170.338239044965
2018,YR2018,North America,NAC,-5.85882815634494
2018,YR2018,North Macedonia,MKD,58.4391495330552
2018,YR2018,Northern Mariana Islands,MNP,..
2018,YR2018,Norway,NOR,-597.265226736973
2018,YR2018,Not classified,INX,..
2018,YR2018,OECD members,OED,19.9360780945079
2018,YR2018,Oman,OMN,-209.920235545035
2018,YR2018,Other small states,OSS,..
2018,YR2018,Pacific island small states,PSS,..
2018,YR2018,Pakistan,PAK,35.5257059693009
2018,YR2018,Palau,PLW,..
2018,YR2018,Panama,PAN,194.972222997683
2018,YR2018,Papua New Guinea,PNG,..
2018,YR2018,Paraguay,PRY,-12.4750587577865
2018,YR2018,Peru,PER,4.91538634948173
2018,YR2018,Philippines,PHL,54.0743638042794
2018,YR2018,Poland,POL,44.0700547719943
2018,YR2018,Portugal,PRT,85.3389743172513
2018,YR2018,Post-demographic dividend,PST,22.0950530923258
2018,YR2018,Pre-demographic dividend,PRE,-128.574050937939
2018,YR2018,Puerto Rico (US),PRI,..
2018,YR2018,Qatar,QAT,-427.396102425305
2018,YR2018,Romania,ROU,24.3584414026006
2018,YR2018,Russian Federation,RUS,-91.9855343432551
2018,YR2018,Rwanda,RWA,10.0179593065772
2018,YR2018,Samoa,WSM,..
2018,YR2018,San Marino,SMR,..
2018,YR2018,Sao Tome and Principe,STP,..
2018,YR2018,Saudi Arabia,SAU,-186.869965836857
2018,YR2018,Senegal,SEN,70.323978098796
2018,YR2018,Serbia,SRB,35.0640386890373
2018,YR2018,Seychelles,SYC,..
2018,YR2018,Sierra Leone,SLE,..
2018,YR2018,Singapore,SGP,273.793180423015
2018,YR2018,Sint Maarten (Dutch part),SXM,..
2018,YR2018,Slovak Republic,SVK,60.7892050948817
2018,YR2018,Slovenia,SVN,52.2003950266627
2018,YR2018,Small states,SST,-84.1774160495819
2018,YR2018,Solomon Islands,SLB,..
2018,YR2018,"Somalia, Fed. Rep.",SOM,..
2018,YR2018,South Africa,ZAF,-17.0816213484132
2018,YR2018,South Asia,SAS,37.2305329960374
2018,YR2018,South Asia (IDA & IBRD),TSA,37.2305329960374
2018,YR2018,South Sudan,SSD,-859.453464370436
2018,YR2018,Spain,ESP,81.0075324716607
2018,YR2018,Sri Lanka,LKA,68.5957112914027
2018,YR2018,St. Kitts and Nevis,KNA,..
2018,YR2018,St. Lucia,LCA,..
2018,YR2018,St. Martin (French part),MAF,..
2018,YR2018,St. Vincent and the Grenadines,VCT,..
2018,YR2018,Sub-Saharan Africa,SSF,-50.7801550503774
2018,YR2018,Sub-Saharan Africa (excluding high income),SSA,-50.7801550503774
2018,YR2018,Sub-Saharan Africa (IDA & IBRD countries),TSS,-50.7801550503774
2018,YR2018,Sudan,SDN,16.2637280816053
2018,YR2018,Suriname,SUR,1.62601626016266
2018,YR2018,Sweden,SWE,30.7465687576629
2018,YR2018,Switzerland,CHE,54.0396119765504
2018,YR2018,Syrian Arab Republic,SYR,65.508508736571
2018,YR2018,Tajikistan,TJK,25.2206707209068
2018,YR2018,Tanzania,TZA,12.790612470264
2018,YR2018,Thailand,THA,51.1007781069847
2018,YR2018,Timor-Leste,TLS,..
2018,YR2018,Togo,TGO,18.0403993498955
2018,YR2018,Tonga,TON,..
2018,YR2018,Trinidad and Tobago,TTO,-98.612004910146
2018,YR2018,Tunisia,TUN,54.4610762827666
2018,YR2018,Turkiye,TUR,75.8316479912546
2018,YR2018,Turkmenistan,TKM,-246.805374383112
2018,YR2018,Turks and Caicos Islands,TCA,..
2018,YR2018,Tuvalu,TUV,..
2018,YR2018,Uganda,UGA,22.1222212001349
2018,YR2018,Ukraine,UKR,34.5707022017466
2018,YR2018,United Arab Emirates,ARE,-159.725700134966
2018,YR2018,United Kingdom,GBR,38.167224918993
2018,YR2018,United States,USA,3.59207211661354
2018,YR2018,Upper middle income,UMC,0.654087080067098
2018,YR2018,Uruguay,URY,43.9215686274509
2018,YR2018,Uzbekistan,UZB,-25.3415373836626
2018,YR2018,Vanuatu,VUT,..
2018,YR2018,"Venezuela, RB",VEN,-176.984702454494
2018,YR2018,Viet Nam,VNM,26.8530098738827
2018,YR2018,Virgin Islands (U.S.),VIR,..
2018,YR2018,West Bank and Gaza,PSE,..
2018,YR2018,World,WLD,-1.23820656126231
2018,YR2018,"Yemen, Rep.",YEM,-26.1582413975725
2018,YR2018,Zambia,ZMB,9.33583810905286
2018,YR2018,Zimbabwe,ZWE,23.8686608070058
2019,YR2019,Afghanistan,AFG,..
2019,YR2019,Africa Eastern and Southern,AFE,-21.3539333291969
2019,YR2019,Africa Western and Central,AFW,-113.734431182873
2019,YR2019,Albania,ALB,32.2318027280548
2019,YR2019,Algeria,DZA,-133.352746490554
2019,YR2019,American Samoa,ASM,..
2019,YR2019,Andorra,AND,..
2019,YR2019,Angola,AGO,-488.932842686293
2019,YR2019,Antigua and Barbuda,ATG,..
2019,YR2019,Arab World,ARB,-158.162700735562
2019,YR2019,Argentina,ARG,2.49167707965442
2019,YR2019,Armenia,ARM,74.1707853018448
2019,YR2019,Aruba,ABW,..
2019,YR2019,Australia,AUS,-230.540248121
2019,YR2019,Austria,AUT,74.4762818960772
2019,YR2019,Azerbaijan,AZE,-274.417456496816
2019,YR2019,"Bahamas, The",BHS,..
2019,YR2019,Bahrain,BHR,-53.4306266212537
2019,YR2019,Bangladesh,BGD,30.2974940894337
2019,YR2019,Barbados,BRB,..
2019,YR2019,Belarus,BLR,85.2555351812842
2019,YR2019,Belgium,BEL,90.9302260794468
2019,YR2019,Belize,BLZ,..
2019,YR2019,Benin,BEN,46.0416412011571
2019,YR2019,Bermuda,BMU,..
2019,YR2019,Bhutan,BTN,..
2019,YR2019,Bolivia,BOL,-90.7541646516507
2019,YR2019,Bosnia and Herzegovina,BIH,27.3940966075843
2019,YR2019,Botswana,BWA,33.1862385245429
2019,YR2019,Brazil,BRA,-4.05963612353002
2019,YR2019,British Virgin Islands,VGB,..
2019,YR2019,Brunei Darussalam,BRN,-266.996915982468
2019,YR2019,Bulgaria,BGR,39.3231832972508
2019,YR2019,Burkina Faso,BFA,..
2019,YR2019,Burundi,BDI,..
2019,YR2019,Cabo Verde,CPV,..
2019,YR2019,Cambodia,KHM,..
2019,YR2019,Cameroon,CMR,-31.9033841646908
2019,YR2019,Canada,CAN,-75.7691761628351
2019,YR2019,Caribbean small states,CSS,-93.3778836228796
2019,YR2019,Cayman Islands,CYM,..
2019,YR2019,Central African Republic,CAF,..
2019,YR2019,Central Europe and the Baltics,CEB,47.3923304091027
2019,YR2019,Chad,TCD,-204.991540399293
2019,YR2019,Channel Islands,CHI,..
2019,YR2019,Chile,CHL,69.2258871522885
2019,YR2019,China,CHN,22.2209738878689
2019,YR2019,Colombia,COL,-181.414112402675
2019,YR2019,Comoros,COM,..
2019,YR2019,"Congo, Dem. Rep.",COD,0.613652441820541
2019,YR2019,"Congo, Rep.",COG,-511.229927007298
2019,YR2019,Costa Rica,CRI,57.9638106650688
2019,YR2019,Cote d'Ivoire,CIV,4.60104644318652
2019,YR2019,Croatia,HRV,57.7962682102159
2019,YR2019,Cuba,CUB,52.8136246185072
2019,YR2019,Curacao,CUW,..
2019,YR2019,Cyprus,CYP,..
2019,YR2019,Czechia,CZE,41.0173002215024
2019,YR2019,Denmark,DNK,43.7676171746969
2019,YR2019,Djibouti,DJI,..
2019,YR2019,Dominica,DMA,..
2019,YR2019,Dominican Republic,DOM,93.9406539141648
2019,YR2019,Early-demographic dividend,EAR,-12.7335364836445
2019,YR2019,East Asia & Pacific,EAS,23.0852658055972
2019,YR2019,East Asia & Pacific (excluding high income),EAP,15.6238564316935
2019,YR2019,East Asia & Pacific (IDA & IBRD countries),TEA,15.6732650596482
2019,YR2019,Ecuador,ECU,-95.7542318258904
2019,YR2019,"Egypt, Arab Rep.",EGY,-0.531033982389457
2019,YR2019,El Salvador,SLV,61.3227949934178
2019,YR2019,Equatorial Guinea,GNQ,-499.986527299061
2019,YR2019,Eritrea,ERI,..
2019,YR2019,Estonia,EST,5.11766701243268
2019,YR2019,Eswatini,SWZ,31.4787701317716
2019,YR2019,Ethiopia,ETH,12.0449116177875
2019,YR2019,Euro area,EMU,69.5787666162878
2019,YR2019,Europe & Central Asia,ECS,2.0933956000162
2019,YR2019,Europe & Central Asia (excluding high income),ECA,-4.07534637637762
2019,YR2019,Europe & Central Asia (IDA & IBRD countries),TEC,-49.7482708527303
2019,YR2019,European Union,EUU,64.4179653789196
2019,YR2019,Faroe Islands,FRO,..
2019,YR2019,Fiji,FJI,..
2019,YR2019,Finland,FIN,44.4037103012629
2019,YR2019,France,FRA,49.7065206256462
2019,YR2019,French Polynesia,PYF,..
2019,YR2019,Gabon,GAB,-210.225102188945
2019,YR2019,"Gambia, The",GMB,..
2019,YR2019,Georgia,GEO,80.7223894853654
2019,YR2019,Germany,DEU,69.9240006475155
2019,YR2019,Ghana,GHA,-43.1680481770753
2019,YR2019,Gibraltar,GIB,..
2019,YR2019,Greece,GRC,87.4989989849166
2019,YR2019,Greenland,GRL,..
2019,YR2019,Grenada,GRD,..
2019,YR2019,Guam,GUM,..
2019,YR2019,Guatemala,GTM,42.4375549346034
2019,YR2019,Guinea,GIN,..
2019,YR2019,Guinea-Bissau,GNB,..
2019,YR2019,Guyana,GUY,..
2019,YR2019,Haiti,HTI,..
2019,YR2019,Heavily indebted poor countries (HIPC),HPC,-7.75636566888871
2019,YR2019,High income,HIC,-7.73889566565264
2019,YR2019,Honduras,HND,54.0481805721906
2019,YR2019,"Hong Kong SAR, China",HKG,220.536719141955
2019,YR2019,Hungary,HUN,69.8126666218606
2019,YR2019,IBRD only,IBD,-2.89093241074232
2019,YR2019,Iceland,ISL,..
2019,YR2019,IDA & IBRD total,IBT,-3.49222145570661
2019,YR2019,IDA blend,IDB,-31.6252335630299
2019,YR2019,IDA only,IDX,5.79303579835182
2019,YR2019,IDA total,IDA,-11.4024028011012
2019,YR2019,India,IND,39.2996982985914
2019,YR2019,Indonesia,IDN,-99.1816488656438
2019,YR2019,"Iran, Islamic Rep.",IRN,-27.2421274349486
2019,YR2019,Iraq,IRQ,-357.471644217881
2019,YR2019,Ireland,IRL,75.4138160503161
2019,YR2019,Isle of Man,IMN,..
2019,YR2019,Israel,ISR,70.734379347895
2019,YR2019,Italy,ITA,82.2279640302359
2019,YR2019,Jamaica,JAM,111.27757461366
2019,YR2019,Japan,JPN,90.5590328120186
2019,YR2019,Jordan,JOR,98.8307447935051
2019,YR2019,Kazakhstan,KAZ,-129.451098148241
2019,YR2019,Kenya,KEN,22.909546251785
2019,YR2019,Kiribati,KIR,..
2019,YR2019,"Korea, Dem. People's Rep.",PRK,5.59078356734367
2019,YR2019,"Korea, Rep.",KOR,88.1562990760159
2019,YR2019,Kosovo,XKX,..
2019,YR2019,Kuwait,KWT,-338.02165504483
2019,YR2019,Kyrgyz Republic,KGZ,38.8624775668833
2019,YR2019,Lao PDR,LAO,-20.5885949193634
2019,YR2019,Late-demographic dividend,LTE,-8.51108009416998
2019,YR2019,Latin America & Caribbean,LCN,-8.12133402201264
2019,YR2019,Latin America & Caribbean (excluding high income),LAC,-12.4303863452099
2019,YR2019,Latin America & the Caribbean (IDA & IBRD countries),TLA,-8.83436561153665
2019,YR2019,Latvia,LVA,48.4186366032771
2019,YR2019,Least developed countries: UN classification,LDC,-20.5551526001601
2019,YR2019,Lebanon,LBN,100.206027767995
2019,YR2019,Lesotho,LSO,..
2019,YR2019,Liberia,LBR,..
2019,YR2019,Libya,LBY,-228.660158644367
2019,YR2019,Liechtenstein,LIE,..
2019,YR2019,Lithuania,LTU,79.0928575239035
2019,YR2019,Low & middle income,LMY,4.70158370683488
2019,YR2019,Low income,LIC,-2.56901298642307
2019,YR2019,Lower middle income,LMC,13.7201211050001
2019,YR2019,Luxembourg,LUX,109.514776599087
2019,YR2019,"Macao SAR, China",MAC,..
2019,YR2019,Madagascar,MDG,..
2019,YR2019,Malawi,MWI,..
2019,YR2019,Malaysia,MYS,0.419441769978299
2019,YR2019,Maldives,MDV,..
2019,YR2019,Mali,MLI,..
2019,YR2019,Malta,MLT,424.207824684939
2019,YR2019,Marshall Islands,MHL,..
2019,YR2019,Mauritania,MRT,..
2019,YR2019,Mauritius,MUS,..
2019,YR2019,Mexico,MEX,18.2994397147
2019,YR2019,"Micronesia, Fed. Sts.",FSM,..
2019,YR2019,"Middle East, North Africa, Afghanistan & Pakistan",MEA,-107.554128190871
2019,YR2019,"Middle East, North Africa, Afghanistan & Pakistan (excluding high income)",MNA,-48.8015745881371
2019,YR2019,"Middle East, North Africa, Afghanistan & Pakistan (IDA & IBRD)",TMN,-48.8015745881371
2019,YR2019,Middle income,MIC,4.87661072620991
2019,YR2019,Moldova,MDA,84.1575874207371
2019,YR2019,Monaco,MCO,..
2019,YR2019,Mongolia,MNG,-269.085964067259
2019,YR2019,Montenegro,MNE,33.6893587156768
2019,YR2019,Morocco,MAR,92.4272836757783
2019,YR2019,Mozambique,MOZ,-82.4567951426611
2019,YR2019,Myanmar,MMR,-23.6632327365403
2019,YR2019,Namibia,NAM,71.5341194179628
2019,YR2019,Naoero,NRU,..
2019,YR2019,Nepal,NPL,26.8284486481216
2019,YR2019,Netherlands,NLD,78.2544901104021
2019,YR2019,New Caledonia,NCL,..
2019,YR2019,New Zealand,NZL,31.8442731556692
2019,YR2019,Nicaragua,NIC,44.5883330642896
2019,YR2019,Niger,NER,-2.62449670796061
2019,YR2019,Nigeria,NGA,-145.342625520286
2019,YR2019,North America,NAC,-9.98581507713187
2019,YR2019,North Macedonia,MKD,58.9557104031023
2019,YR2019,Northern Mariana Islands,MNP,..
2019,YR2019,Norway,NOR,-596.958788374445
2019,YR2019,Not classified,INX,..
2019,YR2019,OECD members,OED,17.8833621402482
2019,YR2019,Oman,OMN,-240.700240228548
2019,YR2019,Other small states,OSS,..
2019,YR2019,Pacific island small states,PSS,..
2019,YR2019,Pakistan,PAK,33.5162433021545
2019,YR2019,Palau,PLW,..
2019,YR2019,Panama,PAN,203.134806881733
2019,YR2019,Papua New Guinea,PNG,..
2019,YR2019,Paraguay,PRY,-1.47695205377248
2019,YR2019,Peru,PER,4.68863793500811
2019,YR2019,Philippines,PHL,48.6161448916357
2019,YR2019,Poland,POL,45.8816709962173
2019,YR2019,Portugal,PRT,84.3565471596829
2019,YR2019,Post-demographic dividend,PST,19.5811014811304
2019,YR2019,Pre-demographic dividend,PRE,-119.852212525625
2019,YR2019,Puerto Rico (US),PRI,..
2019,YR2019,Qatar,QAT,-420.352957663
2019,YR2019,Romania,ROU,30.3563927051241
2019,YR2019,Russian Federation,RUS,-99.0517032163785
2019,YR2019,Rwanda,RWA,9.99440338516741
2019,YR2019,Samoa,WSM,..
2019,YR2019,San Marino,SMR,..
2019,YR2019,Sao Tome and Principe,STP,..
2019,YR2019,Saudi Arabia,SAU,-177.715405473393
2019,YR2019,Senegal,SEN,70.1843816195644
2019,YR2019,Serbia,SRB,35.9593454155817
2019,YR2019,Seychelles,SYC,..
2019,YR2019,Sierra Leone,SLE,..
2019,YR2019,Singapore,SGP,269.815306923958
2019,YR2019,Sint Maarten (Dutch part),SXM,..
2019,YR2019,Slovak Republic,SVK,69.4728958880142
2019,YR2019,Slovenia,SVN,52.8491569267821
2019,YR2019,Small states,SST,-78.9112536159239
2019,YR2019,Solomon Islands,SLB,..
2019,YR2019,"Somalia, Fed. Rep.",SOM,..
2019,YR2019,South Africa,ZAF,-13.2803829153548
2019,YR2019,South Asia,SAS,38.7077493096373
2019,YR2019,South Asia (IDA & IBRD),TSA,38.7077493096373
2019,YR2019,South Sudan,SSD,-1023.89369816575
2019,YR2019,Spain,ESP,82.914057950379
2019,YR2019,Sri Lanka,LKA,..
2019,YR2019,St. Kitts and Nevis,KNA,..
2019,YR2019,St. Lucia,LCA,..
2019,YR2019,St. Martin (French part),MAF,..
2019,YR2019,St. Vincent and the Grenadines,VCT,..
2019,YR2019,Sub-Saharan Africa,SSF,-45.834091396882
2019,YR2019,Sub-Saharan Africa (excluding high income),SSA,-45.834091396882
2019,YR2019,Sub-Saharan Africa (IDA & IBRD countries),TSS,-45.834091396882
2019,YR2019,Sudan,SDN,15.6556362217394
2019,YR2019,Suriname,SUR,13.9687457287348
2019,YR2019,Sweden,SWE,32.0197034760007
2019,YR2019,Switzerland,CHE,55.4032199102169
2019,YR2019,Syrian Arab Republic,SYR,63.0987568782749
2019,YR2019,Tajikistan,TJK,28.4363361069615
2019,YR2019,Tanzania,TZA,13.1368354638669
2019,YR2019,Thailand,THA,48.6312117750796
2019,YR2019,Timor-Leste,TLS,..
2019,YR2019,Togo,TGO,..
2019,YR2019,Tonga,TON,..
2019,YR2019,Trinidad and Tobago,TTO,-99.9829642962366
2019,YR2019,Tunisia,TUN,57.8401377816142
2019,YR2019,Turkiye,TUR,72.1973632944636
2019,YR2019,Turkmenistan,TKM,-242.606816871905
2019,YR2019,Turks and Caicos Islands,TCA,..
2019,YR2019,Tuvalu,TUV,..
2019,YR2019,Uganda,UGA,22.000514697542
2019,YR2019,Ukraine,UKR,36.7816866171433
2019,YR2019,United Arab Emirates,ARE,-157.251588097578
2019,YR2019,United Kingdom,GBR,36.5356011003548
2019,YR2019,United States,USA,-0.898716368808055
2019,YR2019,Upper middle income,UMC,2.45119893827727
2019,YR2019,Uruguay,URY,38.9090676790537
2019,YR2019,Uzbekistan,UZB,-19.6798566667118
2019,YR2019,Vanuatu,VUT,..
2019,YR2019,"Venezuela, RB",VEN,-114.748420352314
2019,YR2019,Viet Nam,VNM,39.207047800102
2019,YR2019,Virgin Islands (U.S.),VIR,..
2019,YR2019,West Bank and Gaza,PSE,..
2019,YR2019,World,WLD,-1.06651898836698
2019,YR2019,"Yemen, Rep.",YEM,-27.7268056371109
2019,YR2019,Zambia,ZMB,11.1753398683147
2019,YR2019,Zimbabwe,ZWE,21.2001624097355
2020,YR2020,Afghanistan,AFG,..
2020,YR2020,Africa Eastern and Southern,AFE,-22.066352238351
2020,YR2020,Africa Western and Central,AFW,-92.8674646308955
2020,YR2020,Albania,ALB,36.4699774665314
2020,YR2020,Algeria,DZA,-124.741531780498
2020,YR2020,American Samoa,ASM,..
2020,YR2020,Andorra,AND,..
2020,YR2020,Angola,AGO,-474.846560770552
2020,YR2020,Antigua and Barbuda,ATG,..
2020,YR2020,Arab World,ARB,-148.98799492898
2020,YR2020,Argentina,ARG,1.22800616932178
2020,YR2020,Armenia,ARM,74.1472665445986
2020,YR2020,Aruba,ABW,..
2020,YR2020,Australia,AUS,-237.32858019566
2020,YR2020,Austria,AUT,59.7668768093559
2020,YR2020,Azerbaijan,AZE,-274.460605575333
2020,YR2020,"Bahamas, The",BHS,..
2020,YR2020,Bahrain,BHR,-51.9013900994723
2020,YR2020,Bangladesh,BGD,34.4620400337636
2020,YR2020,Barbados,BRB,..
2020,YR2020,Belarus,BLR,83.8412311442938
2020,YR2020,Belgium,BEL,89.0758098927031
2020,YR2020,Belize,BLZ,..
2020,YR2020,Benin,BEN,46.6336217616136
2020,YR2020,Bermuda,BMU,..
2020,YR2020,Bhutan,BTN,..
2020,YR2020,Bolivia,BOL,-119.861218243224
2020,YR2020,Bosnia and Herzegovina,BIH,25.3934465921472
2020,YR2020,Botswana,BWA,30.8595898129368
2020,YR2020,Brazil,BRA,-11.1677354621271
2020,YR2020,British Virgin Islands,VGB,..
2020,YR2020,Brunei Darussalam,BRN,-245.563817037269
2020,YR2020,Bulgaria,BGR,38.9217451750975
2020,YR2020,Burkina Faso,BFA,..
2020,YR2020,Burundi,BDI,..
2020,YR2020,Cabo Verde,CPV,..
2020,YR2020,Cambodia,KHM,60.5868013956178
2020,YR2020,Cameroon,CMR,-31.243404936876
2020,YR2020,Canada,CAN,-79.7039821719259
2020,YR2020,Caribbean small states,CSS,-90.8600192262448
2020,YR2020,Cayman Islands,CYM,..
2020,YR2020,Central African Republic,CAF,..
2020,YR2020,Central Europe and the Baltics,CEB,43.4085279086017
2020,YR2020,Chad,TCD,-203.009166139877
2020,YR2020,Channel Islands,CHI,..
2020,YR2020,Chile,CHL,66.7182391849769
2020,YR2020,China,CHN,22.9745721923886
2020,YR2020,Colombia,COL,-192.845620308305
2020,YR2020,Comoros,COM,..
2020,YR2020,"Congo, Dem. Rep.",COD,0.472145741894121
2020,YR2020,"Congo, Rep.",COG,-452.508491367111
2020,YR2020,Costa Rica,CRI,46.8206156292026
2020,YR2020,Cote d'Ivoire,CIV,8.14378558490739
2020,YR2020,Croatia,HRV,54.1708461132596
2020,YR2020,Cuba,CUB,53.5937707140517
2020,YR2020,Curacao,CUW,..
2020,YR2020,Cyprus,CYP,..
2020,YR2020,Czechia,CZE,38.7849705147801
2020,YR2020,Denmark,DNK,48.3343480908062
2020,YR2020,Djibouti,DJI,..
2020,YR2020,Dominica,DMA,..
2020,YR2020,Dominican Republic,DOM,89.586616403506
2020,YR2020,Early-demographic dividend,EAR,-9.85418470308393
2020,YR2020,East Asia & Pacific,EAS,23.2857168875514
2020,YR2020,East Asia & Pacific (excluding high income),EAP,17.400127791771
2020,YR2020,East Asia & Pacific (IDA & IBRD countries),TEA,17.4542478158272
2020,YR2020,Ecuador,ECU,-105.898216254064
2020,YR2020,"Egypt, Arab Rep.",EGY,-0.0682943718058065
2020,YR2020,El Salvador,SLV,51.4791072174028
2020,YR2020,Equatorial Guinea,GNQ,-542.2320941083
2020,YR2020,Eritrea,ERI,..
2020,YR2020,Estonia,EST,11.4816177843203
2020,YR2020,Eswatini,SWZ,26.8803522378413
2020,YR2020,Ethiopia,ETH,9.52569897811929
2020,YR2020,Euro area,EMU,65.1345915003136
2020,YR2020,Europe & Central Asia,ECS,-0.434737720493794
2020,YR2020,Europe & Central Asia (excluding high income),ECA,-2.49053498767611
2020,YR2020,Europe & Central Asia (IDA & IBRD countries),TEC,-45.0957923777508
2020,YR2020,European Union,EUU,60.2875066454557
2020,YR2020,Faroe Islands,FRO,..
2020,YR2020,Fiji,FJI,..
2020,YR2020,Finland,FIN,43.8668623466548
2020,YR2020,France,FRA,45.7909611073638
2020,YR2020,French Polynesia,PYF,..
2020,YR2020,Gabon,GAB,-205.649071382236
2020,YR2020,"Gambia, The",GMB,..
2020,YR2020,Georgia,GEO,80.6317366716613
2020,YR2020,Germany,DEU,65.3856005738018
2020,YR2020,Ghana,GHA,-35.645638723023
2020,YR2020,Gibraltar,GIB,..
2020,YR2020,Greece,GRC,91.2123161318513
2020,YR2020,Greenland,GRL,..
2020,YR2020,Grenada,GRD,..
2020,YR2020,Guam,GUM,..
2020,YR2020,Guatemala,GTM,34.7294006020372
2020,YR2020,Guinea,GIN,..
2020,YR2020,Guinea-Bissau,GNB,..
2020,YR2020,Guyana,GUY,..
2020,YR2020,Haiti,HTI,..
2020,YR2020,Heavily indebted poor countries (HIPC),HPC,-6.72374177983951
2020,YR2020,High income,HIC,-10.9219074245355
2020,YR2020,Honduras,HND,52.2103757638799
2020,YR2020,"Hong Kong SAR, China",HKG,191.265441386389
2020,YR2020,Hungary,HUN,56.406876556078
2020,YR2020,IBRD only,IBD,-0.60606333815261
2020,YR2020,Iceland,ISL,..
2020,YR2020,IDA & IBRD total,IBT,-0.700701236792408
2020,YR2020,IDA blend,IDB,-15.9986081028217
2020,YR2020,IDA only,IDX,9.59342107223728
2020,YR2020,IDA total,IDA,-1.86045412386074
2020,YR2020,India,IND,37.481252772155
2020,YR2020,Indonesia,IDN,-86.9479731245526
2020,YR2020,"Iran, Islamic Rep.",IRN,-22.07737264429
2020,YR2020,Iraq,IRQ,-340.435616490004
2020,YR2020,Ireland,IRL,74.1910468170859
2020,YR2020,Isle of Man,IMN,..
2020,YR2020,Israel,ISR,43.340273574372
2020,YR2020,Italy,ITA,76.8695186600949
2020,YR2020,Jamaica,JAM,116.005643185217
2020,YR2020,Japan,JPN,89.5796033607393
2020,YR2020,Jordan,JOR,93.2041068287967
2020,YR2020,Kazakhstan,KAZ,-140.248408820944
2020,YR2020,Kenya,KEN,21.1289387202784
2020,YR2020,Kiribati,KIR,..
2020,YR2020,"Korea, Dem. People's Rep.",PRK,5.60758002612327
2020,YR2020,"Korea, Rep.",KOR,84.5177411090491
2020,YR2020,Kosovo,XKX,..
2020,YR2020,Kuwait,KWT,-295.773092498475
2020,YR2020,Kyrgyz Republic,KGZ,40.2451423050449
2020,YR2020,Lao PDR,LAO,-39.7255387067333
2020,YR2020,Late-demographic dividend,LTE,-6.14785788910165
2020,YR2020,Latin America & Caribbean,LCN,-12.2047397948349
2020,YR2020,Latin America & Caribbean (excluding high income),LAC,-16.3622632498371
2020,YR2020,Latin America & the Caribbean (IDA & IBRD countries),TLA,-12.9799139292204
2020,YR2020,Latvia,LVA,48.6027531846956
2020,YR2020,Least developed countries: UN classification,LDC,-15.7121723948195
2020,YR2020,Lebanon,LBN,97.5327971355101
2020,YR2020,Lesotho,LSO,..
2020,YR2020,Liberia,LBR,..
2020,YR2020,Libya,LBY,-143.177265119045
2020,YR2020,Liechtenstein,LIE,..
2020,YR2020,Lithuania,LTU,78.0217579923909
2020,YR2020,Low & middle income,LMY,7.06313744231165
2020,YR2020,Low income,LIC,-1.99121897741713
2020,YR2020,Lower middle income,LMC,16.2321348710978
2020,YR2020,Luxembourg,LUX,107.175466109078
2020,YR2020,"Macao SAR, China",MAC,..
2020,YR2020,Madagascar,MDG,..
2020,YR2020,Malawi,MWI,..
2020,YR2020,Malaysia,MYS,1.4599273272106
2020,YR2020,Maldives,MDV,..
2020,YR2020,Mali,MLI,..
2020,YR2020,Malta,MLT,417.462738301559
2020,YR2020,Marshall Islands,MHL,..
2020,YR2020,Mauritania,MRT,..
2020,YR2020,Mauritius,MUS,..
2020,YR2020,Mexico,MEX,10.8895496628123
2020,YR2020,"Micronesia, Fed. Sts.",FSM,..
2020,YR2020,"Middle East, North Africa, Afghanistan & Pakistan",MEA,-96.9713170669738
2020,YR2020,"Middle East, North Africa, Afghanistan & Pakistan (excluding high income)",MNA,-35.0202651962467
2020,YR2020,"Middle East, North Africa, Afghanistan & Pakistan (IDA & IBRD)",TMN,-35.0202651962467
2020,YR2020,Middle income,MIC,7.28763431885747
2020,YR2020,Moldova,MDA,84.0958565129216
2020,YR2020,Monaco,MCO,..
2020,YR2020,Mongolia,MNG,-224.965558599004
2020,YR2020,Montenegro,MNE,27.6533889761563
2020,YR2020,Morocco,MAR,90.7321703373659
2020,YR2020,Mozambique,MOZ,-63.5409926562081
2020,YR2020,Myanmar,MMR,-21.8853122270389
2020,YR2020,Namibia,NAM,63.8971328292343
2020,YR2020,Naoero,NRU,..
2020,YR2020,Nepal,NPL,29.159632958307
2020,YR2020,Netherlands,NLD,81.7603823377532
2020,YR2020,New Caledonia,NCL,..
2020,YR2020,New Zealand,NZL,30.6457865517821
2020,YR2020,Nicaragua,NIC,40.6058795336708
2020,YR2020,Niger,NER,-3.41181600174406
2020,YR2020,Nigeria,NGA,-111.878018224454
2020,YR2020,North America,NAC,-13.2647931641311
2020,YR2020,North Macedonia,MKD,63.933757772897
2020,YR2020,Northern Mariana Islands,MNP,..
2020,YR2020,Norway,NOR,-648.65905639539
2020,YR2020,Not classified,INX,..
2020,YR2020,OECD members,OED,13.570671098933
2020,YR2020,Oman,OMN,-204.88040965846
2020,YR2020,Other small states,OSS,..
2020,YR2020,Pacific island small states,PSS,..
2020,YR2020,Pakistan,PAK,38.9537236935755
2020,YR2020,Palau,PLW,..
2020,YR2020,Panama,PAN,148.02802838498
2020,YR2020,Papua New Guinea,PNG,..
2020,YR2020,Paraguay,PRY,0.799334515503988
2020,YR2020,Peru,PER,-2.70251693778025
2020,YR2020,Philippines,PHL,47.0174525151428
2020,YR2020,Poland,POL,43.0494743694639
2020,YR2020,Portugal,PRT,71.5091902397404
2020,YR2020,Post-demographic dividend,PST,15.3218004075466
2020,YR2020,Pre-demographic dividend,PRE,-100.871508995541
2020,YR2020,Puerto Rico (US),PRI,..
2020,YR2020,Qatar,QAT,-421.519760158898
2020,YR2020,Romania,ROU,28.1874709480622
2020,YR2020,Russian Federation,RUS,-90.0513586441006
2020,YR2020,Rwanda,RWA,8.48539913124703
2020,YR2020,Samoa,WSM,..
2020,YR2020,San Marino,SMR,..
2020,YR2020,Sao Tome and Principe,STP,..
2020,YR2020,Saudi Arabia,SAU,-167.391802328969
2020,YR2020,Senegal,SEN,62.0675494808567
2020,YR2020,Serbia,SRB,30.0750675668529
2020,YR2020,Seychelles,SYC,..
2020,YR2020,Sierra Leone,SLE,..
2020,YR2020,Singapore,SGP,264.429457913529
2020,YR2020,Sint Maarten (Dutch part),SXM,..
2020,YR2020,Slovak Republic,SVK,55.8608938539428
2020,YR2020,Slovenia,SVN,45.7953577906934
2020,YR2020,Small states,SST,-74.823923572293
2020,YR2020,Solomon Islands,SLB,..
2020,YR2020,"Somalia, Fed. Rep.",SOM,..
2020,YR2020,South Africa,ZAF,-19.0992444990468
2020,YR2020,South Asia,SAS,37.4810069494014
2020,YR2020,South Asia (IDA & IBRD),TSA,37.4810069494014
2020,YR2020,South Sudan,SSD,-1010.1984581566
2020,YR2020,Spain,ESP,73.4774191966381
2020,YR2020,Sri Lanka,LKA,61.2324310033089
2020,YR2020,St. Kitts and Nevis,KNA,..
2020,YR2020,St. Lucia,LCA,..
2020,YR2020,St. Martin (French part),MAF,..
2020,YR2020,St. Vincent and the Grenadines,VCT,..
2020,YR2020,Sub-Saharan Africa,SSF,-41.1461075388094
2020,YR2020,Sub-Saharan Africa (excluding high income),SSA,-41.1461075388094
2020,YR2020,Sub-Saharan Africa (IDA & IBRD countries),TSS,-41.1461075388094
2020,YR2020,Sudan,SDN,17.6082280784264
2020,YR2020,Suriname,SUR,12.9074737206885
2020,YR2020,Sweden,SWE,34.4417513884611
2020,YR2020,Switzerland,CHE,50.5326747611034
2020,YR2020,Syrian Arab Republic,SYR,60.118774577698
2020,YR2020,Tajikistan,TJK,31.8478778741541
2020,YR2020,Tanzania,TZA,12.9523057284495
2020,YR2020,Thailand,THA,51.2390033904315
2020,YR2020,Timor-Leste,TLS,..
2020,YR2020,Togo,TGO,..
2020,YR2020,Tonga,TON,..
2020,YR2020,Trinidad and Tobago,TTO,-98.1954799115316
2020,YR2020,Tunisia,TUN,55.3236177550338
2020,YR2020,Turkiye,TUR,71.3330026792086
2020,YR2020,Turkmenistan,TKM,-228.307462499266
2020,YR2020,Turks and Caicos Islands,TCA,..
2020,YR2020,Tuvalu,TUV,..
2020,YR2020,Uganda,UGA,24.0991118274563
2020,YR2020,Ukraine,UKR,34.0531189804873
2020,YR2020,United Arab Emirates,ARE,-166.676304495143
2020,YR2020,United Kingdom,GBR,28.4994380663927
2020,YR2020,United States,USA,-3.9655132596338
2020,YR2020,Upper middle income,UMC,4.90185166356928
2020,YR2020,Uruguay,URY,44.751994641194
2020,YR2020,Uzbekistan,UZB,1.01931488568097
2020,YR2020,Vanuatu,VUT,..
2020,YR2020,"Venezuela, RB",VEN,-86.8957784593866
2020,YR2020,Viet Nam,VNM,46.4252856536063
2020,YR2020,Virgin Islands (U.S.),VIR,..
2020,YR2020,West Bank and Gaza,PSE,..
2020,YR2020,World,WLD,-1.01308520348633
2020,YR2020,"Yemen, Rep.",YEM,-34.7949430065939
2020,YR2020,Zambia,ZMB,9.00717205671602
2020,YR2020,Zimbabwe,ZWE,17.3520231261478
2021,YR2021,Afghanistan,AFG,..
2021,YR2021,Africa Eastern and Southern,AFE,-14.7936523800305
2021,YR2021,Africa Western and Central,AFW,-71.0238284259726
2021,YR2021,Albania,ALB,24.1177519322935
2021,YR2021,Algeria,DZA,-137.103046514603
2021,YR2021,American Samoa,ASM,..
2021,YR2021,Andorra,AND,..
2021,YR2021,Angola,AGO,-373.796632306382
2021,YR2021,Antigua and Barbuda,ATG,..
2021,YR2021,Arab World,ARB,-145.423438954168
2021,YR2021,Argentina,ARG,5.96636808897159
2021,YR2021,Armenia,ARM,78.9045161126683
2021,YR2021,Aruba,ABW,..
2021,YR2021,Australia,AUS,-232.104772123918
2021,YR2021,Austria,AUT,53.152930168409
2021,YR2021,Azerbaijan,AZE,-287.016525688087
2021,YR2021,"Bahamas, The",BHS,..
2021,YR2021,Bahrain,BHR,-50.2263325786432
2021,YR2021,Bangladesh,BGD,39.5900689972266
2021,YR2021,Barbados,BRB,..
2021,YR2021,Belarus,BLR,78.2899580680447
2021,YR2021,Belgium,BEL,81.4961562065682
2021,YR2021,Belize,BLZ,..
2021,YR2021,Benin,BEN,42.7567593162556
2021,YR2021,Bermuda,BMU,..
2021,YR2021,Bhutan,BTN,..
2021,YR2021,Bolivia,BOL,-95.1670516797576
2021,YR2021,Bosnia and Herzegovina,BIH,27.1805859913968
2021,YR2021,Botswana,BWA,30.1816188180417
2021,YR2021,Brazil,BRA,-3.84763107467013
2021,YR2021,British Virgin Islands,VGB,..
2021,YR2021,Brunei Darussalam,BRN,-228.680231494864
2021,YR2021,Bulgaria,BGR,36.8953488956958
2021,YR2021,Burkina Faso,BFA,..
2021,YR2021,Burundi,BDI,..
2021,YR2021,Cabo Verde,CPV,..
2021,YR2021,Cambodia,KHM,58.9313079941395
2021,YR2021,Cameroon,CMR,-29.7631996165475
2021,YR2021,Canada,CAN,-87.5821362876153
2021,YR2021,Caribbean small states,CSS,-61.4625415781357
2021,YR2021,Cayman Islands,CYM,..
2021,YR2021,Central African Republic,CAF,..
2021,YR2021,Central Europe and the Baltics,CEB,42.4183642180652
2021,YR2021,Chad,TCD,-176.630579738888
2021,YR2021,Channel Islands,CHI,..
2021,YR2021,Chile,CHL,68.8632430428331
2021,YR2021,China,CHN,21.638660726732
2021,YR2021,Colombia,COL,-145.26017037422
2021,YR2021,Comoros,COM,..
2021,YR2021,"Congo, Dem. Rep.",COD,0.455952137864081
2021,YR2021,"Congo, Rep.",COG,-391.393115043273
2021,YR2021,Costa Rica,CRI,53.3836972481409
2021,YR2021,Cote d'Ivoire,CIV,13.2300673339274
2021,YR2021,Croatia,HRV,55.4306594938788
2021,YR2021,Cuba,CUB,58.1384804373844
2021,YR2021,Curacao,CUW,..
2021,YR2021,Cyprus,CYP,108.443148307344
2021,YR2021,Czechia,CZE,40.026140655108
2021,YR2021,Denmark,DNK,34.8307557544227
2021,YR2021,Djibouti,DJI,..
2021,YR2021,Dominica,DMA,..
2021,YR2021,Dominican Republic,DOM,91.2873799725647
2021,YR2021,Early-demographic dividend,EAR,-8.96999174136704
2021,YR2021,East Asia & Pacific,EAS,22.7168133107294
2021,YR2021,East Asia & Pacific (excluding high income),EAP,16.2021697295311
2021,YR2021,East Asia & Pacific (IDA & IBRD countries),TEA,16.2432126294753
2021,YR2021,Ecuador,ECU,-75.6051497173931
2021,YR2021,"Egypt, Arab Rep.",EGY,1.63521037235887
2021,YR2021,El Salvador,SLV,56.9331140988565
2021,YR2021,Equatorial Guinea,GNQ,-418.311358867559
2021,YR2021,Eritrea,ERI,..
2021,YR2021,Estonia,EST,1.6917913300277
2021,YR2021,Eswatini,SWZ,25.4380853277835
2021,YR2021,Ethiopia,ETH,11.1448450149397
2021,YR2021,Euro area,EMU,63.6395159666554
2021,YR2021,Europe & Central Asia,ECS,1.4810430229151
2021,YR2021,Europe & Central Asia (excluding high income),ECA,2.41664842938416
2021,YR2021,Europe & Central Asia (IDA & IBRD countries),TEC,-39.1134386731464
2021,YR2021,European Union,EUU,58.4411597183313
2021,YR2021,Faroe Islands,FRO,..
2021,YR2021,Fiji,FJI,..
2021,YR2021,Finland,FIN,38.6876476664123
2021,YR2021,France,FRA,45.5715251781551
2021,YR2021,French Polynesia,PYF,..
2021,YR2021,Gabon,GAB,-190.115103028448
2021,YR2021,"Gambia, The",GMB,..
2021,YR2021,Georgia,GEO,78.1553025341781
2021,YR2021,Germany,DEU,65.4045618672755
2021,YR2021,Ghana,GHA,-25.7331290522235
2021,YR2021,Gibraltar,GIB,..
2021,YR2021,Greece,GRC,84.5570729381142
2021,YR2021,Greenland,GRL,..
2021,YR2021,Grenada,GRD,..
2021,YR2021,Guam,GUM,..
2021,YR2021,Guatemala,GTM,39.9219063198904
2021,YR2021,Guinea,GIN,..
2021,YR2021,Guinea-Bissau,GNB,..
2021,YR2021,Guyana,GUY,..
2021,YR2021,Haiti,HTI,..
2021,YR2021,Heavily indebted poor countries (HIPC),HPC,-4.30555567272033
2021,YR2021,High income,HIC,-9.37732271991082
2021,YR2021,Honduras,HND,54.8134603402144
2021,YR2021,"Hong Kong SAR, China",HKG,181.84809194587
2021,YR2021,Hungary,HUN,53.9649094724242
2021,YR2021,IBRD only,IBD,0.0161850948475851
2021,YR2021,Iceland,ISL,..
2021,YR2021,IDA & IBRD total,IBT,0.222794479542012
2021,YR2021,IDA blend,IDB,-6.83242098246961
2021,YR2021,IDA only,IDX,10.8588674783633
2021,YR2021,IDA total,IDA,2.8180181549129
2021,YR2021,India,IND,35.0355799640062
2021,YR2021,Indonesia,IDN,-84.9370547688609
2021,YR2021,"Iran, Islamic Rep.",IRN,-26.5193765008583
2021,YR2021,Iraq,IRQ,-287.4205985904
2021,YR2021,Ireland,IRL,80.6437822686177
2021,YR2021,Isle of Man,IMN,..
2021,YR2021,Israel,ISR,28.729307237752
2021,YR2021,Italy,ITA,76.6329781818496
2021,YR2021,Jamaica,JAM,116.928370048263
2021,YR2021,Japan,JPN,88.6817259385197
2021,YR2021,Jordan,JOR,92.3346741083648
2021,YR2021,Kazakhstan,KAZ,-129.431378016145
2021,YR2021,Kenya,KEN,22.7369704105015
2021,YR2021,Kiribati,KIR,..
2021,YR2021,"Korea, Dem. People's Rep.",PRK,5.1371650258218
2021,YR2021,"Korea, Rep.",KOR,84.9035262985875
2021,YR2021,Kosovo,XKX,..
2021,YR2021,Kuwait,KWT,-309.069193040756
2021,YR2021,Kyrgyz Republic,KGZ,40.6142306319589
2021,YR2021,Lao PDR,LAO,-46.2236221859994
2021,YR2021,Late-demographic dividend,LTE,-5.001417676529
2021,YR2021,Latin America & Caribbean,LCN,-3.6677514483375
2021,YR2021,Latin America & Caribbean (excluding high income),LAC,-7.8316915620631
2021,YR2021,Latin America & the Caribbean (IDA & IBRD countries),TLA,-4.33406996514931
2021,YR2021,Latvia,LVA,41.0237531211983
2021,YR2021,Least developed countries: UN classification,LDC,-10.2631364479978
2021,YR2021,Lebanon,LBN,97.9617511679033
2021,YR2021,Lesotho,LSO,..
2021,YR2021,Liberia,LBR,..
2021,YR2021,Libya,LBY,-328.08093341662
2021,YR2021,Liechtenstein,LIE,..
2021,YR2021,Lithuania,LTU,76.5551427310188
2021,YR2021,Low & middle income,LMY,7.53704174797728
2021,YR2021,Low income,LIC,-1.7208730683632
2021,YR2021,Lower middle income,LMC,17.8387326849792
2021,YR2021,Luxembourg,LUX,108.462389747056
2021,YR2021,"Macao SAR, China",MAC,..
2021,YR2021,Madagascar,MDG,..
2021,YR2021,Malawi,MWI,..
2021,YR2021,Malaysia,MYS,-0.739797820685311
2021,YR2021,Maldives,MDV,..
2021,YR2021,Mali,MLI,..
2021,YR2021,Malta,MLT,376.570848833276
2021,YR2021,Marshall Islands,MHL,..
2021,YR2021,Mauritania,MRT,..
2021,YR2021,Mauritius,MUS,..
2021,YR2021,Mexico,MEX,15.3117558234424
2021,YR2021,"Micronesia, Fed. Sts.",FSM,..
2021,YR2021,"Middle East, North Africa, Afghanistan & Pakistan",MEA,-96.2154923257731
2021,YR2021,"Middle East, North Africa, Afghanistan & Pakistan (excluding high income)",MNA,-40.4114652570928
2021,YR2021,"Middle East, North Africa, Afghanistan & Pakistan (IDA & IBRD)",TMN,-40.4114652570928
2021,YR2021,Middle income,MIC,7.75638995151912
2021,YR2021,Moldova,MDA,83.7504210844852
2021,YR2021,Monaco,MCO,..
2021,YR2021,Mongolia,MNG,-115.040088065315
2021,YR2021,Montenegro,MNE,31.5278115132378
2021,YR2021,Morocco,MAR,91.3557010365519
2021,YR2021,Mozambique,MOZ,-74.3114353674017
2021,YR2021,Myanmar,MMR,-26.9251367668147
2021,YR2021,Namibia,NAM,65.4914196567863
2021,YR2021,Naoero,NRU,..
2021,YR2021,Nepal,NPL,29.2612253413384
2021,YR2021,Netherlands,NLD,69.9462218129489
2021,YR2021,New Caledonia,NCL,..
2021,YR2021,New Zealand,NZL,29.3932450821525
2021,YR2021,Nicaragua,NIC,41.8096537200565
2021,YR2021,Niger,NER,-2.66563845511214
2021,YR2021,Nigeria,NGA,-82.2970757618261
2021,YR2021,North America,NAC,-14.0713307603308
2021,YR2021,North Macedonia,MKD,68.1218727662616
2021,YR2021,Northern Mariana Islands,MNP,..
2021,YR2021,Norway,NOR,-647.63254529301
2021,YR2021,Not classified,INX,..
2021,YR2021,OECD members,OED,14.27716197969
2021,YR2021,Oman,OMN,-202.898292759501
2021,YR2021,Other small states,OSS,..
2021,YR2021,Pacific island small states,PSS,..
2021,YR2021,Pakistan,PAK,41.5848203083345
2021,YR2021,Palau,PLW,..
2021,YR2021,Panama,PAN,152.641293651427
2021,YR2021,Papua New Guinea,PNG,..
2021,YR2021,Paraguay,PRY,10.2799678618319
2021,YR2021,Peru,PER,11.6063935673998
2021,YR2021,Philippines,PHL,49.9057625438824
2021,YR2021,Poland,POL,41.1011116173524
2021,YR2021,Portugal,PRT,73.7441240627857
2021,YR2021,Post-demographic dividend,PST,15.36615435291
2021,YR2021,Pre-demographic dividend,PRE,-83.1331666521833
2021,YR2021,Puerto Rico (US),PRI,..
2021,YR2021,Qatar,QAT,-407.478877315299
2021,YR2021,Romania,ROU,31.6860422448878
2021,YR2021,Russian Federation,RUS,-80.5092437705523
2021,YR2021,Rwanda,RWA,9.23880867220872
2021,YR2021,Samoa,WSM,..
2021,YR2021,San Marino,SMR,..
2021,YR2021,Sao Tome and Principe,STP,..
2021,YR2021,Saudi Arabia,SAU,-159.988472996237
2021,YR2021,Senegal,SEN,66.4285714285714
2021,YR2021,Serbia,SRB,35.0037392718509
2021,YR2021,Seychelles,SYC,..
2021,YR2021,Sierra Leone,SLE,..
2021,YR2021,Singapore,SGP,248.668236081717
2021,YR2021,Sint Maarten (Dutch part),SXM,..
2021,YR2021,Slovak Republic,SVK,51.9404849852974
2021,YR2021,Slovenia,SVN,48.7162208424474
2021,YR2021,Small states,SST,-45.0352783328585
2021,YR2021,Solomon Islands,SLB,..
2021,YR2021,"Somalia, Fed. Rep.",SOM,..
2021,YR2021,South Africa,ZAF,-9.88306279514187
2021,YR2021,South Asia,SAS,35.4434368022457
2021,YR2021,South Asia (IDA & IBRD),TSA,35.4434368022457
2021,YR2021,South Sudan,SSD,-901.091590819752
2021,YR2021,Spain,ESP,75.4707201988393
2021,YR2021,Sri Lanka,LKA,59.4294514160438
2021,YR2021,St. Kitts and Nevis,KNA,..
2021,YR2021,St. Lucia,LCA,..
2021,YR2021,St. Martin (French part),MAF,..
2021,YR2021,St. Vincent and the Grenadines,VCT,..
2021,YR2021,Sub-Saharan Africa,SSF,-30.0318079409383
2021,YR2021,Sub-Saharan Africa (excluding high income),SSA,-30.0318079409383
2021,YR2021,Sub-Saharan Africa (IDA & IBRD countries),TSS,-30.0318079409383
2021,YR2021,Sudan,SDN,20.8340135737109
2021,YR2021,Suriname,SUR,14.4862577357116
2021,YR2021,Sweden,SWE,22.5497844839512
2021,YR2021,Switzerland,CHE,52.4385530710634
2021,YR2021,Syrian Arab Republic,SYR,58.2761529934976
2021,YR2021,Tajikistan,TJK,30.3959131545337
2021,YR2021,Tanzania,TZA,13.7175290346047
2021,YR2021,Thailand,THA,53.4974617478355
2021,YR2021,Timor-Leste,TLS,..
2021,YR2021,Togo,TGO,..
2021,YR2021,Tonga,TON,..
2021,YR2021,Trinidad and Tobago,TTO,-66.6623603025868
2021,YR2021,Tunisia,TUN,53.3071890588679
2021,YR2021,Turkiye,TUR,72.1247121502374
2021,YR2021,Turkmenistan,TKM,-114.799527217808
2021,YR2021,Turks and Caicos Islands,TCA,..
2021,YR2021,Tuvalu,TUV,..
2021,YR2021,Uganda,UGA,21.0845648966519
2021,YR2021,Ukraine,UKR,33.4524998604523
2021,YR2021,United Arab Emirates,ARE,-148.779300357276
2021,YR2021,United Kingdom,GBR,38.9215814062183
2021,YR2021,United States,USA,-4.18993101612738
2021,YR2021,Upper middle income,UMC,5.03988955490839
2021,YR2021,Uruguay,URY,41.9778791519344
2021,YR2021,Uzbekistan,UZB,0.721052917201011
2021,YR2021,Vanuatu,VUT,..
2021,YR2021,"Venezuela, RB",VEN,-74.6737345214109
2021,YR2021,Viet Nam,VNM,33.9749706257745
2021,YR2021,Virgin Islands (U.S.),VIR,..
2021,YR2021,West Bank and Gaza,PSE,..
2021,YR2021,World,WLD,-0.0239255885272198
2021,YR2021,"Yemen, Rep.",YEM,-31.195464051345
2021,YR2021,Zambia,ZMB,9.7360004937232
2021,YR2021,Zimbabwe,ZWE,9.32258052488912
2022,YR2022,Afghanistan,AFG,..
2022,YR2022,Africa Eastern and Southern,AFE,-16.5337488191026
2022,YR2022,Africa Western and Central,AFW,-60.2415520857233
2022,YR2022,Albania,ALB,32.276396797251
2022,YR2022,Algeria,DZA,-127.243586824875
2022,YR2022,American Samoa,ASM,..
2022,YR2022,Andorra,AND,..
2022,YR2022,Angola,AGO,-353.971819384273
2022,YR2022,Antigua and Barbuda,ATG,..
2022,YR2022,Arab World,ARB,-149.269194557441
2022,YR2022,Argentina,ARG,1.95855821220972
2022,YR2022,Armenia,ARM,76.8721086405015
2022,YR2022,Aruba,ABW,..
2022,YR2022,Australia,AUS,-234.279345921201
2022,YR2022,Austria,AUT,76.8111846576124
2022,YR2022,Azerbaijan,AZE,-263.127536733691
2022,YR2022,"Bahamas, The",BHS,..
2022,YR2022,Bahrain,BHR,-45.4751316679306
2022,YR2022,Bangladesh,BGD,44.3070258449266
2022,YR2022,Barbados,BRB,..
2022,YR2022,Belarus,BLR,77.0799482437318
2022,YR2022,Belgium,BEL,86.7619440824458
2022,YR2022,Belize,BLZ,..
2022,YR2022,Benin,BEN,40.9031703802238
2022,YR2022,Bermuda,BMU,..
2022,YR2022,Bhutan,BTN,..
2022,YR2022,Bolivia,BOL,-67.3339047798362
2022,YR2022,Bosnia and Herzegovina,BIH,26.3680612308532
2022,YR2022,Botswana,BWA,23.6817784648472
2022,YR2022,Brazil,BRA,-7.28721052757992
2022,YR2022,British Virgin Islands,VGB,..
2022,YR2022,Brunei Darussalam,BRN,-172.552632157863
2022,YR2022,Bulgaria,BGR,37.9626610649135
2022,YR2022,Burkina Faso,BFA,..
2022,YR2022,Burundi,BDI,..
2022,YR2022,Cabo Verde,CPV,..
2022,YR2022,Cambodia,KHM,..
2022,YR2022,Cameroon,CMR,-28.7126841321204
2022,YR2022,Canada,CAN,-89.4880948333503
2022,YR2022,Caribbean small states,CSS,-69.2305336521499
2022,YR2022,Cayman Islands,CYM,..
2022,YR2022,Central African Republic,CAF,..
2022,YR2022,Central Europe and the Baltics,CEB,47.4018130005597
2022,YR2022,Chad,TCD,-177.762640714933
2022,YR2022,Channel Islands,CHI,..
2022,YR2022,Chile,CHL,66.2732116154234
2022,YR2022,China,CHN,20.6245589248584
2022,YR2022,Colombia,COL,-139.124198035696
2022,YR2022,Comoros,COM,..
2022,YR2022,"Congo, Dem. Rep.",COD,1.59626553466334
2022,YR2022,"Congo, Rep.",COG,-347.419865428152
2022,YR2022,Costa Rica,CRI,53.0802332296344
2022,YR2022,Cote d'Ivoire,CIV,14.3786092266282
2022,YR2022,Croatia,HRV,61.8955356886193
2022,YR2022,Cuba,CUB,62.8133332274217
2022,YR2022,Curacao,CUW,..
2022,YR2022,Cyprus,CYP,117.037858353679
2022,YR2022,Czechia,CZE,42.0233637396692
2022,YR2022,Denmark,DNK,47.3957198205642
2022,YR2022,Djibouti,DJI,..
2022,YR2022,Dominica,DMA,..
2022,YR2022,Dominican Republic,DOM,94.4206892076641
2022,YR2022,Early-demographic dividend,EAR,-8.7487604469236
2022,YR2022,East Asia & Pacific,EAS,21.5827262059646
2022,YR2022,East Asia & Pacific (excluding high income),EAP,15.1344121214273
2022,YR2022,East Asia & Pacific (IDA & IBRD countries),TEA,15.1729090984574
2022,YR2022,Ecuador,ECU,-69.401314941725
2022,YR2022,"Egypt, Arab Rep.",EGY,9.78510684497825
2022,YR2022,El Salvador,SLV,59.5054447583379
2022,YR2022,Equatorial Guinea,GNQ,-422.769233942919
2022,YR2022,Eritrea,ERI,..
2022,YR2022,Estonia,EST,6.83363931718332
2022,YR2022,Eswatini,SWZ,20.5529558411835
2022,YR2022,Ethiopia,ETH,10.7924961213427
2022,YR2022,Euro area,EMU,72.7205246207898
2022,YR2022,Europe & Central Asia,ECS,4.98282566618539
2022,YR2022,Europe & Central Asia (excluding high income),ECA,1.38632995497071
2022,YR2022,Europe & Central Asia (IDA & IBRD countries),TEC,-37.2970271214036
2022,YR2022,European Union,EUU,66.7484147781054
2022,YR2022,Faroe Islands,FRO,..
2022,YR2022,Fiji,FJI,..
2022,YR2022,Finland,FIN,42.3818916396541
2022,YR2022,France,FRA,54.3201739791286
2022,YR2022,French Polynesia,PYF,..
2022,YR2022,Gabon,GAB,-187.597030037125
2022,YR2022,"Gambia, The",GMB,..
2022,YR2022,Georgia,GEO,79.5842068629208
2022,YR2022,Germany,DEU,71.7534093856193
2022,YR2022,Ghana,GHA,-22.3656522253718
2022,YR2022,Gibraltar,GIB,..
2022,YR2022,Greece,GRC,92.9081404835987
2022,YR2022,Greenland,GRL,..
2022,YR2022,Grenada,GRD,..
2022,YR2022,Guam,GUM,..
2022,YR2022,Guatemala,GTM,38.364016749015
2022,YR2022,Guinea,GIN,..
2022,YR2022,Guinea-Bissau,GNB,..
2022,YR2022,Guyana,GUY,..
2022,YR2022,Haiti,HTI,..
2022,YR2022,Heavily indebted poor countries (HIPC),HPC,-3.77704650204465
2022,YR2022,High income,HIC,-10.5668494362869
2022,YR2022,Honduras,HND,55.5117185478317
2022,YR2022,"Hong Kong SAR, China",HKG,175.706507863695
2022,YR2022,Hungary,HUN,64.4447152754582
2022,YR2022,IBRD only,IBD,0.775148488917428
2022,YR2022,Iceland,ISL,..
2022,YR2022,IDA & IBRD total,IBT,0.968672840256059
2022,YR2022,IDA blend,IDB,-4.47299146271841
2022,YR2022,IDA only,IDX,9.90230300662079
2022,YR2022,IDA total,IDA,3.47034251907241
2022,YR2022,India,IND,36.529412379469
2022,YR2022,Indonesia,IDN,-82.9192756077432
2022,YR2022,"Iran, Islamic Rep.",IRN,-32.4944592767049
2022,YR2022,Iraq,IRQ,-274.87736059498
2022,YR2022,Ireland,IRL,85.9815290922962
2022,YR2022,Isle of Man,IMN,..
2022,YR2022,Israel,ISR,26.0915608340862
2022,YR2022,Italy,ITA,83.6290340580981
2022,YR2022,Jamaica,JAM,112.575323434922
2022,YR2022,Japan,JPN,89.9707516343257
2022,YR2022,Jordan,JOR,96.3523279332296
2022,YR2022,Kazakhstan,KAZ,-119.310636509706
2022,YR2022,Kenya,KEN,22.4376210703247
2022,YR2022,Kiribati,KIR,..
2022,YR2022,"Korea, Dem. People's Rep.",PRK,4.89532080752115
2022,YR2022,"Korea, Rep.",KOR,85.4997854961215
2022,YR2022,Kosovo,XKX,..
2022,YR2022,Kuwait,KWT,-283.096624591869
2022,YR2022,Kyrgyz Republic,KGZ,33.7815670306686
2022,YR2022,Lao PDR,LAO,-49.0213561069782
2022,YR2022,Late-demographic dividend,LTE,-4.94499402187748
2022,YR2022,Latin America & Caribbean,LCN,-2.84911460978662
2022,YR2022,Latin America & Caribbean (excluding high income),LAC,-6.88519712036045
2022,YR2022,Latin America & the Caribbean (IDA & IBRD countries),TLA,-3.52866071152068
2022,YR2022,Latvia,LVA,40.3971271651881
2022,YR2022,Least developed countries: UN classification,LDC,-11.0621513598906
2022,YR2022,Lebanon,LBN,96.923460215068
2022,YR2022,Lesotho,LSO,..
2022,YR2022,Liberia,LBR,..
2022,YR2022,Libya,LBY,-249.727007920872
2022,YR2022,Liechtenstein,LIE,..
2022,YR2022,Lithuania,LTU,76.1661860191737
2022,YR2022,Low & middle income,LMY,7.60275962045655
2022,YR2022,Low income,LIC,-2.61249338809995
2022,YR2022,Lower middle income,LMC,20.6483044479392
2022,YR2022,Luxembourg,LUX,110.298331240177
2022,YR2022,"Macao SAR, China",MAC,..
2022,YR2022,Madagascar,MDG,..
2022,YR2022,Malawi,MWI,..
2022,YR2022,Malaysia,MYS,-0.578726686040022
2022,YR2022,Maldives,MDV,..
2022,YR2022,Mali,MLI,..
2022,YR2022,Malta,MLT,389.552837996418
2022,YR2022,Marshall Islands,MHL,..
2022,YR2022,Mauritania,MRT,..
2022,YR2022,Mauritius,MUS,..
2022,YR2022,Mexico,MEX,21.1050764879457
2022,YR2022,"Micronesia, Fed. Sts.",FSM,..
2022,YR2022,"Middle East, North Africa, Afghanistan & Pakistan",MEA,-102.876288808533
2022,YR2022,"Middle East, North Africa, Afghanistan & Pakistan (excluding high income)",MNA,-40.9655973207365
2022,YR2022,"Middle East, North Africa, Afghanistan & Pakistan (IDA & IBRD)",TMN,-40.9655973207365
2022,YR2022,Middle income,MIC,7.85092842500327
2022,YR2022,Moldova,MDA,86.56366606026
2022,YR2022,Monaco,MCO,..
2022,YR2022,Mongolia,MNG,-226.427034086937
2022,YR2022,Montenegro,MNE,29.6231897320918
2022,YR2022,Morocco,MAR,94.0020118503931
2022,YR2022,Mozambique,MOZ,-106.352427255745
2022,YR2022,Myanmar,MMR,-19.025954239222
2022,YR2022,Namibia,NAM,60.4998985401718
2022,YR2022,Naoero,NRU,..
2022,YR2022,Nepal,NPL,27.4137248718471
2022,YR2022,Netherlands,NLD,99.3587652735443
2022,YR2022,New Caledonia,NCL,..
2022,YR2022,New Zealand,NZL,28.8214208572688
2022,YR2022,Nicaragua,NIC,46.4910182435548
2022,YR2022,Niger,NER,5.40557852442787
2022,YR2022,Nigeria,NGA,-66.2881011856041
2022,YR2022,North America,NAC,-16.4087936748541
2022,YR2022,North Macedonia,MKD,63.8796872929643
2022,YR2022,Northern Mariana Islands,MNP,..
2022,YR2022,Norway,NOR,-746.719365580602
2022,YR2022,Not classified,INX,..
2022,YR2022,OECD members,OED,14.3159193589833
2022,YR2022,Oman,OMN,-213.629416330893
2022,YR2022,Other small states,OSS,..
2022,YR2022,Pacific island small states,PSS,..
2022,YR2022,Pakistan,PAK,39.7925509388676
2022,YR2022,Palau,PLW,..
2022,YR2022,Panama,PAN,171.186492615064
2022,YR2022,Papua New Guinea,PNG,..
2022,YR2022,Paraguay,PRY,5.65149773480291
2022,YR2022,Peru,PER,12.185965103062
2022,YR2022,Philippines,PHL,54.4250767667774
2022,YR2022,Poland,POL,46.8418755101648
2022,YR2022,Portugal,PRT,81.5127954385107
2022,YR2022,Post-demographic dividend,PST,14.7814137318354
2022,YR2022,Pre-demographic dividend,PRE,-79.996348909087
2022,YR2022,Puerto Rico (US),PRI,..
2022,YR2022,Qatar,QAT,-396.072574936239
2022,YR2022,Romania,ROU,32.4641501715792
2022,YR2022,Russian Federation,RUS,-75.1375358449974
2022,YR2022,Rwanda,RWA,10.5793226381462
2022,YR2022,Samoa,WSM,..
2022,YR2022,San Marino,SMR,..
2022,YR2022,Sao Tome and Principe,STP,..
2022,YR2022,Saudi Arabia,SAU,-178.200448812201
2022,YR2022,Senegal,SEN,69.3863916678086
2022,YR2022,Serbia,SRB,45.3074666486561
2022,YR2022,Seychelles,SYC,..
2022,YR2022,Sierra Leone,SLE,..
2022,YR2022,Singapore,SGP,258.425380474946
2022,YR2022,Sint Maarten (Dutch part),SXM,..
2022,YR2022,Slovak Republic,SVK,68.8872819822269
2022,YR2022,Slovenia,SVN,53.5470840696794
2022,YR2022,Small states,SST,-40.4968207955114
2022,YR2022,Solomon Islands,SLB,..
2022,YR2022,"Somalia, Fed. Rep.",SOM,..
2022,YR2022,South Africa,ZAF,-14.1484249128245
2022,YR2022,South Asia,SAS,37.0071901296429
2022,YR2022,South Asia (IDA & IBRD),TSA,37.0071901296429
2022,YR2022,South Sudan,SSD,-859.502809253272
2022,YR2022,Spain,ESP,82.8674923431858
2022,YR2022,Sri Lanka,LKA,60.0395802943756
2022,YR2022,St. Kitts and Nevis,KNA,..
2022,YR2022,St. Lucia,LCA,..
2022,YR2022,St. Martin (French part),MAF,..
2022,YR2022,St. Vincent and the Grenadines,VCT,..
2022,YR2022,Sub-Saharan Africa,SSF,-28.5244933491623
2022,YR2022,Sub-Saharan Africa (excluding high income),SSA,-28.5244933491623
2022,YR2022,Sub-Saharan Africa (IDA & IBRD countries),TSS,-28.5244933491623
2022,YR2022,Sudan,SDN,18.8568106273271
2022,YR2022,Suriname,SUR,17.1005356316264
2022,YR2022,Sweden,SWE,28.6998914864254
2022,YR2022,Switzerland,CHE,51.7338476414653
2022,YR2022,Syrian Arab Republic,SYR,61.2715018609797
2022,YR2022,Tajikistan,TJK,28.045014066896
2022,YR2022,Tanzania,TZA,12.9338562520213
2022,YR2022,Thailand,THA,57.1245185678327
2022,YR2022,Timor-Leste,TLS,..
2022,YR2022,Togo,TGO,..
2022,YR2022,Tonga,TON,..
2022,YR2022,Trinidad and Tobago,TTO,-75.4573322877313
2022,YR2022,Tunisia,TUN,53.1400289008402
2022,YR2022,Turkiye,TUR,72.704129716299
2022,YR2022,Turkmenistan,TKM,-109.777211443604
2022,YR2022,Turks and Caicos Islands,TCA,..
2022,YR2022,Tuvalu,TUV,..
2022,YR2022,Uganda,UGA,20.4895150227516
2022,YR2022,Ukraine,UKR,23.3690635612636
2022,YR2022,United Arab Emirates,ARE,-171.482371329992
2022,YR2022,United Kingdom,GBR,39.1791428970385
2022,YR2022,United States,USA,-6.49503863234049
2022,YR2022,Upper middle income,UMC,4.29917792037493
2022,YR2022,Uruguay,URY,46.2068935643027
2022,YR2022,Uzbekistan,UZB,1.54758954098202
2022,YR2022,Vanuatu,VUT,..
2022,YR2022,"Venezuela, RB",VEN,-73.9084713357919
2022,YR2022,Viet Nam,VNM,33.9991947830939
2022,YR2022,Virgin Islands (U.S.),VIR,..
2022,YR2022,West Bank and Gaza,PSE,..
2022,YR2022,World,WLD,-0.392956794943035
2022,YR2022,"Yemen, Rep.",YEM,-11.0466644311721
2022,YR2022,Zambia,ZMB,9.03001865064098
2022,YR2022,Zimbabwe,ZWE,16.9757127922617
2023,YR2023,Afghanistan,AFG,..
2023,YR2023,Africa Eastern and Southern,AFE,..
2023,YR2023,Africa Western and Central,AFW,..
2023,YR2023,Albania,ALB,22.7015590200443
2023,YR2023,Algeria,DZA,-129.337044067666
2023,YR2023,American Samoa,ASM,..
2023,YR2023,Andorra,AND,..
2023,YR2023,Angola,AGO,..
2023,YR2023,Antigua and Barbuda,ATG,..
2023,YR2023,Arab World,ARB,..
2023,YR2023,Argentina,ARG,0.41571453028353
2023,YR2023,Armenia,ARM,..
2023,YR2023,Aruba,ABW,..
2023,YR2023,Australia,AUS,-214.471540281044
2023,YR2023,Austria,AUT,63.9661980292725
2023,YR2023,Azerbaijan,AZE,-255.959109290849
2023,YR2023,"Bahamas, The",BHS,..
2023,YR2023,Bahrain,BHR,..
2023,YR2023,Bangladesh,BGD,..
2023,YR2023,Barbados,BRB,..
2023,YR2023,Belarus,BLR,..
2023,YR2023,Belgium,BEL,89.1747801928026
2023,YR2023,Belize,BLZ,..
2023,YR2023,Benin,BEN,..
2023,YR2023,Bermuda,BMU,..
2023,YR2023,Bhutan,BTN,..
2023,YR2023,Bolivia,BOL,..
2023,YR2023,Bosnia and Herzegovina,BIH,24.9320415177106
2023,YR2023,Botswana,BWA,..
2023,YR2023,Brazil,BRA,-13.6808969364254
2023,YR2023,British Virgin Islands,VGB,..
2023,YR2023,Brunei Darussalam,BRN,..
2023,YR2023,Bulgaria,BGR,40.9310458153299
2023,YR2023,Burkina Faso,BFA,..
2023,YR2023,Burundi,BDI,..
2023,YR2023,Cabo Verde,CPV,..
2023,YR2023,Cambodia,KHM,..
2023,YR2023,Cameroon,CMR,..
2023,YR2023,Canada,CAN,-89.626081306096
2023,YR2023,Caribbean small states,CSS,..
2023,YR2023,Cayman Islands,CYM,..
2023,YR2023,Central African Republic,CAF,..
2023,YR2023,Central Europe and the Baltics,CEB,46.5840065598788
2023,YR2023,Chad,TCD,..
2023,YR2023,Channel Islands,CHI,..
2023,YR2023,Chile,CHL,62.2762043204213
2023,YR2023,China,CHN,23.9617588276826
2023,YR2023,Colombia,COL,-141.971675507707
2023,YR2023,Comoros,COM,..
2023,YR2023,"Congo, Dem. Rep.",COD,..
2023,YR2023,"Congo, Rep.",COG,..
2023,YR2023,Costa Rica,CRI,60.4214772696159
2023,YR2023,Cote d'Ivoire,CIV,..
2023,YR2023,Croatia,HRV,57.2910760073134
2023,YR2023,Cuba,CUB,..
2023,YR2023,Curacao,CUW,..
2023,YR2023,Cyprus,CYP,..
2023,YR2023,Czechia,CZE,41.9751454505475
2023,YR2023,Denmark,DNK,43.7871947382637
2023,YR2023,Djibouti,DJI,..
2023,YR2023,Dominica,DMA,..
2023,YR2023,Dominican Republic,DOM,..
2023,YR2023,Early-demographic dividend,EAR,..
2023,YR2023,East Asia & Pacific,EAS,22.1786786262688
2023,YR2023,East Asia & Pacific (excluding high income),EAP,17.8899992184701
2023,YR2023,East Asia & Pacific (IDA & IBRD countries),TEA,17.8899992184701
2023,YR2023,Ecuador,ECU,..
2023,YR2023,"Egypt, Arab Rep.",EGY,20.2563785795628
2023,YR2023,El Salvador,SLV,..
2023,YR2023,Equatorial Guinea,GNQ,..
2023,YR2023,Eritrea,ERI,..
2023,YR2023,Estonia,EST,3.77111519842947
2023,YR2023,Eswatini,SWZ,..
2023,YR2023,Ethiopia,ETH,..
2023,YR2023,Euro area,EMU,67.5064095188735
2023,YR2023,Europe & Central Asia,ECS,..
2023,YR2023,Europe & Central Asia (excluding high income),ECA,3.37145896044833
2023,YR2023,Europe & Central Asia (IDA & IBRD countries),TEC,..
2023,YR2023,European Union,EUU,62.4866298405757
2023,YR2023,Faroe Islands,FRO,..
2023,YR2023,Fiji,FJI,..
2023,YR2023,Finland,FIN,30.2718534094324
2023,YR2023,France,FRA,47.1279302986198
2023,YR2023,French Polynesia,PYF,..
2023,YR2023,Gabon,GAB,..
2023,YR2023,"Gambia, The",GMB,..
2023,YR2023,Georgia,GEO,79.9350466563312
2023,YR2023,Germany,DEU,70.4874265375658
2023,YR2023,Ghana,GHA,..
2023,YR2023,Gibraltar,GIB,..
2023,YR2023,Greece,GRC,89.2460562263153
2023,YR2023,Greenland,GRL,..
2023,YR2023,Grenada,GRD,..
2023,YR2023,Guam,GUM,..
2023,YR2023,Guatemala,GTM,..
2023,YR2023,Guinea,GIN,..
2023,YR2023,Guinea-Bissau,GNB,..
2023,YR2023,Guyana,GUY,..
2023,YR2023,Haiti,HTI,..
2023,YR2023,Heavily indebted poor countries (HIPC),HPC,..
2023,YR2023,High income,HIC,12.8566693602049
2023,YR2023,Honduras,HND,60.5670375858002
2023,YR2023,"Hong Kong SAR, China",HKG,..
2023,YR2023,Hungary,HUN,62.5098125396588
2023,YR2023,IBRD only,IBD,16.6123430577934
2023,YR2023,Iceland,ISL,..
2023,YR2023,IDA & IBRD total,IBT,16.7145575931284
2023,YR2023,IDA blend,IDB,..
2023,YR2023,IDA only,IDX,..
2023,YR2023,IDA total,IDA,..
2023,YR2023,India,IND,36.0871843474496
2023,YR2023,Indonesia,IDN,-89.548816280588
2023,YR2023,"Iran, Islamic Rep.",IRN,..
2023,YR2023,Iraq,IRQ,..
2023,YR2023,Ireland,IRL,85.7663488731447
2023,YR2023,Isle of Man,IMN,..
2023,YR2023,Israel,ISR,13.73424198863
2023,YR2023,Italy,ITA,79.59805806701
2023,YR2023,Jamaica,JAM,..
2023,YR2023,Japan,JPN,87.2798853157027
2023,YR2023,Jordan,JOR,..
2023,YR2023,Kazakhstan,KAZ,-119.1426831733
2023,YR2023,Kenya,KEN,22.3745456763117
2023,YR2023,Kiribati,KIR,..
2023,YR2023,"Korea, Dem. People's Rep.",PRK,..
2023,YR2023,"Korea, Rep.",KOR,84.6000911986392
2023,YR2023,Kosovo,XKX,..
2023,YR2023,Kuwait,KWT,..
2023,YR2023,Kyrgyz Republic,KGZ,..
2023,YR2023,Lao PDR,LAO,..
2023,YR2023,Late-demographic dividend,LTE,19.369695560746
2023,YR2023,Latin America & Caribbean,LCN,-4.96039676640709
2023,YR2023,Latin America & Caribbean (excluding high income),LAC,-9.72145614301929
2023,YR2023,Latin America & the Caribbean (IDA & IBRD countries),TLA,-4.96039676640709
2023,YR2023,Latvia,LVA,34.3077384557047
2023,YR2023,Least developed countries: UN classification,LDC,..
2023,YR2023,Lebanon,LBN,..
2023,YR2023,Lesotho,LSO,..
2023,YR2023,Liberia,LBR,..
2023,YR2023,Libya,LBY,..
2023,YR2023,Liechtenstein,LIE,..
2023,YR2023,Lithuania,LTU,71.4559726962456
2023,YR2023,Low & middle income,LMY,15.800026496408
2023,YR2023,Low income,LIC,..
2023,YR2023,Lower middle income,LMC,35.7204790931967
2023,YR2023,Luxembourg,LUX,109.585053497428
2023,YR2023,"Macao SAR, China",MAC,..
2023,YR2023,Madagascar,MDG,..
2023,YR2023,Malawi,MWI,..
2023,YR2023,Malaysia,MYS,..
2023,YR2023,Maldives,MDV,..
2023,YR2023,Mali,MLI,..
2023,YR2023,Malta,MLT,403.5916298334
2023,YR2023,Marshall Islands,MHL,..
2023,YR2023,Mauritania,MRT,..
2023,YR2023,Mauritius,MUS,..
2023,YR2023,Mexico,MEX,21.5843559520399
2023,YR2023,"Micronesia, Fed. Sts.",FSM,..
2023,YR2023,"Middle East, North Africa, Afghanistan & Pakistan",MEA,..
2023,YR2023,"Middle East, North Africa, Afghanistan & Pakistan (excluding high income)",MNA,..
2023,YR2023,"Middle East, North Africa, Afghanistan & Pakistan (IDA & IBRD)",TMN,..
2023,YR2023,Middle income,MIC,15.800026496408
2023,YR2023,Moldova,MDA,81.1658823176762
2023,YR2023,Monaco,MCO,..
2023,YR2023,Mongolia,MNG,..
2023,YR2023,Montenegro,MNE,24.3527580071175
2023,YR2023,Morocco,MAR,93.6448805073888
2023,YR2023,Mozambique,MOZ,..
2023,YR2023,Myanmar,MMR,..
2023,YR2023,Namibia,NAM,..
2023,YR2023,Naoero,NRU,..
2023,YR2023,Nepal,NPL,..
2023,YR2023,Netherlands,NLD,87.0173748946605
2023,YR2023,New Caledonia,NCL,..
2023,YR2023,New Zealand,NZL,31.6329616305902
2023,YR2023,Nicaragua,NIC,..
2023,YR2023,Niger,NER,..
2023,YR2023,Nigeria,NGA,..
2023,YR2023,North America,NAC,-18.7277961180209
2023,YR2023,North Macedonia,MKD,63.8098670871817
2023,YR2023,Northern Mariana Islands,MNP,..
2023,YR2023,Norway,NOR,-703.959305781578
2023,YR2023,Not classified,INX,..
2023,YR2023,OECD members,OED,11.6708846886995
2023,YR2023,Oman,OMN,..
2023,YR2023,Other small states,OSS,..
2023,YR2023,Pacific island small states,PSS,..
2023,YR2023,Pakistan,PAK,..
2023,YR2023,Palau,PLW,..
2023,YR2023,Panama,PAN,..
2023,YR2023,Papua New Guinea,PNG,..
2023,YR2023,Paraguay,PRY,-4.69402900256069
2023,YR2023,Peru,PER,..
2023,YR2023,Philippines,PHL,..
2023,YR2023,Poland,POL,48.8193550583318
2023,YR2023,Portugal,PRT,77.2448975861994
2023,YR2023,Post-demographic dividend,PST,11.2791160423956
2023,YR2023,Pre-demographic dividend,PRE,..
2023,YR2023,Puerto Rico (US),PRI,..
2023,YR2023,Qatar,QAT,..
2023,YR2023,Romania,ROU,28.0603457724141
2023,YR2023,Russian Federation,RUS,..
2023,YR2023,Rwanda,RWA,..
2023,YR2023,Samoa,WSM,..
2023,YR2023,San Marino,SMR,..
2023,YR2023,Sao Tome and Principe,STP,..
2023,YR2023,Saudi Arabia,SAU,..
2023,YR2023,Senegal,SEN,69.030995787333
2023,YR2023,Serbia,SRB,42.5514943717482
2023,YR2023,Seychelles,SYC,..
2023,YR2023,Sierra Leone,SLE,..
2023,YR2023,Singapore,SGP,279.622693982082
2023,YR2023,Sint Maarten (Dutch part),SXM,..
2023,YR2023,Slovak Republic,SVK,57.886994383722
2023,YR2023,Slovenia,SVN,48.9021824108035
2023,YR2023,Small states,SST,..
2023,YR2023,Solomon Islands,SLB,..
2023,YR2023,"Somalia, Fed. Rep.",SOM,..
2023,YR2023,South Africa,ZAF,-12.5072996086864
2023,YR2023,South Asia,SAS,36.0871843474496
2023,YR2023,South Asia (IDA & IBRD),TSA,36.0871843474496
2023,YR2023,South Sudan,SSD,..
2023,YR2023,Spain,ESP,76.9846775136602
2023,YR2023,Sri Lanka,LKA,..
2023,YR2023,St. Kitts and Nevis,KNA,..
2023,YR2023,St. Lucia,LCA,..
2023,YR2023,St. Martin (French part),MAF,..
2023,YR2023,St. Vincent and the Grenadines,VCT,..
2023,YR2023,Sub-Saharan Africa,SSF,..
2023,YR2023,Sub-Saharan Africa (excluding high income),SSA,..
2023,YR2023,Sub-Saharan Africa (IDA & IBRD countries),TSS,..
2023,YR2023,Sudan,SDN,..
2023,YR2023,Suriname,SUR,12.3045212170095
2023,YR2023,Sweden,SWE,27.7524049832745
2023,YR2023,Switzerland,CHE,51.7388257322457
2023,YR2023,Syrian Arab Republic,SYR,..
2023,YR2023,Tajikistan,TJK,..
2023,YR2023,Tanzania,TZA,..
2023,YR2023,Thailand,THA,57.5142566317877
2023,YR2023,Timor-Leste,TLS,..
2023,YR2023,Togo,TGO,..
2023,YR2023,Tonga,TON,..
2023,YR2023,Trinidad and Tobago,TTO,..
2023,YR2023,Tunisia,TUN,..
2023,YR2023,Turkiye,TUR,71.9928600541247
2023,YR2023,Turkmenistan,TKM,..
2023,YR2023,Turks and Caicos Islands,TCA,..
2023,YR2023,Tuvalu,TUV,..
2023,YR2023,Uganda,UGA,..
2023,YR2023,Ukraine,UKR,23.5925758831614
2023,YR2023,United Arab Emirates,ARE,..
2023,YR2023,United Kingdom,GBR,44.0436184547282
2023,YR2023,United States,USA,-9.00058575160831
2023,YR2023,Upper middle income,UMC,11.2917647181625
2023,YR2023,Uruguay,URY,..
2023,YR2023,Uzbekistan,UZB,..
2023,YR2023,Vanuatu,VUT,..
2023,YR2023,"Venezuela, RB",VEN,..
2023,YR2023,Viet Nam,VNM,..
2023,YR2023,Virgin Islands (U.S.),VIR,..
2023,YR2023,West Bank and Gaza,PSE,..
2023,YR2023,World,WLD,14.5919832481446
2023,YR2023,"Yemen, Rep.",YEM,..
2023,YR2023,Zambia,ZMB,..
2023,YR2023,Zimbabwe,ZWE,..
2024,YR2024,Afghanistan,AFG,..
2024,YR2024,Africa Eastern and Southern,AFE,..
2024,YR2024,Africa Western and Central,AFW,..
2024,YR2024,Albania,ALB,..
2024,YR2024,Algeria,DZA,..
2024,YR2024,American Samoa,ASM,..
2024,YR2024,Andorra,AND,..
2024,YR2024,Angola,AGO,..
2024,YR2024,Antigua and Barbuda,ATG,..
2024,YR2024,Arab World,ARB,..
2024,YR2024,Argentina,ARG,..
2024,YR2024,Armenia,ARM,..
2024,YR2024,Aruba,ABW,..
2024,YR2024,Australia,AUS,..
2024,YR2024,Austria,AUT,..
2024,YR2024,Azerbaijan,AZE,..
2024,YR2024,"Bahamas, The",BHS,..
2024,YR2024,Bahrain,BHR,..
2024,YR2024,Bangladesh,BGD,..
2024,YR2024,Barbados,BRB,..
2024,YR2024,Belarus,BLR,..
2024,YR2024,Belgium,BEL,..
2024,YR2024,Belize,BLZ,..
2024,YR2024,Benin,BEN,..
2024,YR2024,Bermuda,BMU,..
2024,YR2024,Bhutan,BTN,..
2024,YR2024,Bolivia,BOL,..
2024,YR2024,Bosnia and Herzegovina,BIH,..
2024,YR2024,Botswana,BWA,..
2024,YR2024,Brazil,BRA,..
2024,YR2024,British Virgin Islands,VGB,..
2024,YR2024,Brunei Darussalam,BRN,..
2024,YR2024,Bulgaria,BGR,..
2024,YR2024,Burkina Faso,BFA,..
2024,YR2024,Burundi,BDI,..
2024,YR2024,Cabo Verde,CPV,..
2024,YR2024,Cambodia,KHM,..
2024,YR2024,Cameroon,CMR,..
2024,YR2024,Canada,CAN,..
2024,YR2024,Caribbean small states,CSS,..
2024,YR2024,Cayman Islands,CYM,..
2024,YR2024,Central African Republic,CAF,..
2024,YR2024,Central Europe and the Baltics,CEB,..
2024,YR2024,Chad,TCD,..
2024,YR2024,Channel Islands,CHI,..
2024,YR2024,Chile,CHL,..
2024,YR2024,China,CHN,..
2024,YR2024,Colombia,COL,..
2024,YR2024,Comoros,COM,..
2024,YR2024,"Congo, Dem. Rep.",COD,..
2024,YR2024,"Congo, Rep.",COG,..
2024,YR2024,Costa Rica,CRI,..
2024,YR2024,Cote d'Ivoire,CIV,..
2024,YR2024,Croatia,HRV,..
2024,YR2024,Cuba,CUB,..
2024,YR2024,Curacao,CUW,..
2024,YR2024,Cyprus,CYP,..
2024,YR2024,Czechia,CZE,..
2024,YR2024,Denmark,DNK,..
2024,YR2024,Djibouti,DJI,..
2024,YR2024,Dominica,DMA,..
2024,YR2024,Dominican Republic,DOM,..
2024,YR2024,Early-demographic dividend,EAR,..
2024,YR2024,East Asia & Pacific,EAS,..
2024,YR2024,East Asia & Pacific (excluding high income),EAP,..
2024,YR2024,East Asia & Pacific (IDA & IBRD countries),TEA,..
2024,YR2024,Ecuador,ECU,..
2024,YR2024,"Egypt, Arab Rep.",EGY,..
2024,YR2024,El Salvador,SLV,..
2024,YR2024,Equatorial Guinea,GNQ,..
2024,YR2024,Eritrea,ERI,..
2024,YR2024,Estonia,EST,..
2024,YR2024,Eswatini,SWZ,..
2024,YR2024,Ethiopia,ETH,..
2024,YR2024,Euro area,EMU,..
2024,YR2024,Europe & Central Asia,ECS,..
2024,YR2024,Europe & Central Asia (excluding high income),ECA,..
2024,YR2024,Europe & Central Asia (IDA & IBRD countries),TEC,..
2024,YR2024,European Union,EUU,..
2024,YR2024,Faroe Islands,FRO,..
2024,YR2024,Fiji,FJI,..
2024,YR2024,Finland,FIN,..
2024,YR2024,France,FRA,..
2024,YR2024,French Polynesia,PYF,..
2024,YR2024,Gabon,GAB,..
2024,YR2024,"Gambia, The",GMB,..
2024,YR2024,Georgia,GEO,..
2024,YR2024,Germany,DEU,..
2024,YR2024,Ghana,GHA,..
2024,YR2024,Gibraltar,GIB,..
2024,YR2024,Greece,GRC,..
2024,YR2024,Greenland,GRL,..
2024,YR2024,Grenada,GRD,..
2024,YR2024,Guam,GUM,..
2024,YR2024,Guatemala,GTM,..
2024,YR2024,Guinea,GIN,..
2024,YR2024,Guinea-Bissau,GNB,..
2024,YR2024,Guyana,GUY,..
2024,YR2024,Haiti,HTI,..
2024,YR2024,Heavily indebted poor countries (HIPC),HPC,..
2024,YR2024,High income,HIC,..
2024,YR2024,Honduras,HND,..
2024,YR2024,"Hong Kong SAR, China",HKG,..
2024,YR2024,Hungary,HUN,..
2024,YR2024,IBRD only,IBD,..
2024,YR2024,Iceland,ISL,..
2024,YR2024,IDA & IBRD total,IBT,..
2024,YR2024,IDA blend,IDB,..
2024,YR2024,IDA only,IDX,..
2024,YR2024,IDA total,IDA,..
2024,YR2024,India,IND,..
2024,YR2024,Indonesia,IDN,..
2024,YR2024,"Iran, Islamic Rep.",IRN,..
2024,YR2024,Iraq,IRQ,..
2024,YR2024,Ireland,IRL,..
2024,YR2024,Isle of Man,IMN,..
2024,YR2024,Israel,ISR,..
2024,YR2024,Italy,ITA,..
2024,YR2024,Jamaica,JAM,..
2024,YR2024,Japan,JPN,..
2024,YR2024,Jordan,JOR,..
2024,YR2024,Kazakhstan,KAZ,..
2024,YR2024,Kenya,KEN,..
2024,YR2024,Kiribati,KIR,..
2024,YR2024,"Korea, Dem. People's Rep.",PRK,..
2024,YR2024,"Korea, Rep.",KOR,..
2024,YR2024,Kosovo,XKX,..
2024,YR2024,Kuwait,KWT,..
2024,YR2024,Kyrgyz Republic,KGZ,..
2024,YR2024,Lao PDR,LAO,..
2024,YR2024,Late-demographic dividend,LTE,..
2024,YR2024,Latin America & Caribbean,LCN,..
2024,YR2024,Latin America & Caribbean (excluding high income),LAC,..
2024,YR2024,Latin America & the Caribbean (IDA & IBRD countries),TLA,..
2024,YR2024,Latvia,LVA,..
2024,YR2024,Least developed countries: UN classification,LDC,..
2024,YR2024,Lebanon,LBN,..
2024,YR2024,Lesotho,LSO,..
2024,YR2024,Liberia,LBR,..
2024,YR2024,Libya,LBY,..
2024,YR2024,Liechtenstein,LIE,..
2024,YR2024,Lithuania,LTU,..
2024,YR2024,Low & middle income,LMY,..
2024,YR2024,Low income,LIC,..
2024,YR2024,Lower middle income,LMC,..
2024,YR2024,Luxembourg,LUX,..
2024,YR2024,"Macao SAR, China",MAC,..
2024,YR2024,Madagascar,MDG,..
2024,YR2024,Malawi,MWI,..
2024,YR2024,Malaysia,MYS,..
2024,YR2024,Maldives,MDV,..
2024,YR2024,Mali,MLI,..
2024,YR2024,Malta,MLT,..
2024,YR2024,Marshall Islands,MHL,..
2024,YR2024,Mauritania,MRT,..
2024,YR2024,Mauritius,MUS,..
2024,YR2024,Mexico,MEX,..
2024,YR2024,"Micronesia, Fed. Sts.",FSM,..
2024,YR2024,"Middle East, North Africa, Afghanistan & Pakistan",MEA,..
2024,YR2024,"Middle East, North Africa, Afghanistan & Pakistan (excluding high income)",MNA,..
2024,YR2024,"Middle East, North Africa, Afghanistan & Pakistan (IDA & IBRD)",TMN,..
2024,YR2024,Middle income,MIC,..
2024,YR2024,Moldova,MDA,..
2024,YR2024,Monaco,MCO,..
2024,YR2024,Mongolia,MNG,..
2024,YR2024,Montenegro,MNE,..
2024,YR2024,Morocco,MAR,..
2024,YR2024,Mozambique,MOZ,..
2024,YR2024,Myanmar,MMR,..
2024,YR2024,Namibia,NAM,..
2024,YR2024,Naoero,NRU,..
2024,YR2024,Nepal,NPL,..
2024,YR2024,Netherlands,NLD,..
2024,YR2024,New Caledonia,NCL,..
2024,YR2024,New Zealand,NZL,..
2024,YR2024,Nicaragua,NIC,..
2024,YR2024,Niger,NER,..
2024,YR2024,Nigeria,NGA,..
2024,YR2024,North America,NAC,..
2024,YR2024,North Macedonia,MKD,..
2024,YR2024,Northern Mariana Islands,MNP,..
2024,YR2024,Norway,NOR,..
2024,YR2024,Not classified,INX,..
2024,YR2024,OECD members,OED,..
2024,YR2024,Oman,OMN,..
2024,YR2024,Other small states,OSS,..
2024,YR2024,Pacific island small states,PSS,..
2024,YR2024,Pakistan,PAK,..
2024,YR2024,Palau,PLW,..
2024,YR2024,Panama,PAN,..
2024,YR2024,Papua New Guinea,PNG,..
2024,YR2024,Paraguay,PRY,..
2024,YR2024,Peru,PER,..
2024,YR2024,Philippines,PHL,..
2024,YR2024,Poland,POL,..
2024,YR2024,Portugal,PRT,..
2024,YR2024,Post-demographic dividend,PST,..
2024,YR2024,Pre-demographic dividend,PRE,..
2024,YR2024,Puerto Rico (US),PRI,..
2024,YR2024,Qatar,QAT,..
2024,YR2024,Romania,ROU,..
2024,YR2024,Russian Federation,RUS,..
2024,YR2024,Rwanda,RWA,..
2024,YR2024,Samoa,WSM,..
2024,YR2024,San Marino,SMR,..
2024,YR2024,Sao Tome and Principe,STP,..
2024,YR2024,Saudi Arabia,SAU,..
2024,YR2024,Senegal,SEN,..
2024,YR2024,Serbia,SRB,..
2024,YR2024,Seychelles,SYC,..
2024,YR2024,Sierra Leone,SLE,..
2024,YR2024,Singapore,SGP,..
2024,YR2024,Sint Maarten (Dutch part),SXM,..
2024,YR2024,Slovak Republic,SVK,..
2024,YR2024,Slovenia,SVN,..
2024,YR2024,Small states,SST,..
2024,YR2024,Solomon Islands,SLB,..
2024,YR2024,"Somalia, Fed. Rep.",SOM,..
2024,YR2024,South Africa,ZAF,..
2024,YR2024,South Asia,SAS,..
2024,YR2024,South Asia (IDA & IBRD),TSA,..
2024,YR2024,South Sudan,SSD,..
2024,YR2024,Spain,ESP,..
2024,YR2024,Sri Lanka,LKA,..
2024,YR2024,St. Kitts and Nevis,KNA,..
2024,YR2024,St. Lucia,LCA,..
2024,YR2024,St. Martin (French part),MAF,..
2024,YR2024,St. Vincent and the Grenadines,VCT,..
2024,YR2024,Sub-Saharan Africa,SSF,..
2024,YR2024,Sub-Saharan Africa (excluding high income),SSA,..
2024,YR2024,Sub-Saharan Africa (IDA & IBRD countries),TSS,..
2024,YR2024,Sudan,SDN,..
2024,YR2024,Suriname,SUR,..
2024,YR2024,Sweden,SWE,..
2024,YR2024,Switzerland,CHE,..
2024,YR2024,Syrian Arab Republic,SYR,..
2024,YR2024,Tajikistan,TJK,..
2024,YR2024,Tanzania,TZA,..
2024,YR2024,Thailand,THA,..
2024,YR2024,Timor-Leste,TLS,..
2024,YR2024,Togo,TGO,..
2024,YR2024,Tonga,TON,..
2024,YR2024,Trinidad and Tobago,TTO,..
2024,YR2024,Tunisia,TUN,..
2024,YR2024,Turkiye,TUR,..
2024,YR2024,Turkmenistan,TKM,..
2024,YR2024,Turks and Caicos Islands,TCA,..
2024,YR2024,Tuvalu,TUV,..
2024,YR2024,Uganda,UGA,..
2024,YR2024,Ukraine,UKR,..
2024,YR2024,United Arab Emirates,ARE,..
2024,YR2024,United Kingdom,GBR,..
2024,YR2024,United States,USA,..
2024,YR2024,Upper middle income,UMC,..
2024,YR2024,Uruguay,URY,..
2024,YR2024,Uzbekistan,UZB,..
2024,YR2024,Vanuatu,VUT,..
2024,YR2024,"Venezuela, RB",VEN,..
2024,YR2024,Viet Nam,VNM,..
2024,YR2024,Virgin Islands (U.S.),VIR,..
2024,YR2024,West Bank and Gaza,PSE,..
2024,YR2024,World,WLD,..
2024,YR2024,"Yemen, Rep.",YEM,..
2024,YR2024,Zambia,ZMB,..
2024,YR2024,Zimbabwe,ZWE,..
2025,YR2025,Afghanistan,AFG,..
2025,YR2025,Africa Eastern and Southern,AFE,..
2025,YR2025,Africa Western and Central,AFW,..
2025,YR2025,Albania,ALB,..
2025,YR2025,Algeria,DZA,..
2025,YR2025,American Samoa,ASM,..
2025,YR2025,Andorra,AND,..
2025,YR2025,Angola,AGO,..
2025,YR2025,Antigua and Barbuda,ATG,..
2025,YR2025,Arab World,ARB,..
2025,YR2025,Argentina,ARG,..
2025,YR2025,Armenia,ARM,..
2025,YR2025,Aruba,ABW,..
2025,YR2025,Australia,AUS,..
2025,YR2025,Austria,AUT,..
2025,YR2025,Azerbaijan,AZE,..
2025,YR2025,"Bahamas, The",BHS,..
2025,YR2025,Bahrain,BHR,..
2025,YR2025,Bangladesh,BGD,..
2025,YR2025,Barbados,BRB,..
2025,YR2025,Belarus,BLR,..
2025,YR2025,Belgium,BEL,..
2025,YR2025,Belize,BLZ,..
2025,YR2025,Benin,BEN,..
2025,YR2025,Bermuda,BMU,..
2025,YR2025,Bhutan,BTN,..
2025,YR2025,Bolivia,BOL,..
2025,YR2025,Bosnia and Herzegovina,BIH,..
2025,YR2025,Botswana,BWA,..
2025,YR2025,Brazil,BRA,..
2025,YR2025,British Virgin Islands,VGB,..
2025,YR2025,Brunei Darussalam,BRN,..
2025,YR2025,Bulgaria,BGR,..
2025,YR2025,Burkina Faso,BFA,..
2025,YR2025,Burundi,BDI,..
2025,YR2025,Cabo Verde,CPV,..
2025,YR2025,Cambodia,KHM,..
2025,YR2025,Cameroon,CMR,..
2025,YR2025,Canada,CAN,..
2025,YR2025,Caribbean small states,CSS,..
2025,YR2025,Cayman Islands,CYM,..
2025,YR2025,Central African Republic,CAF,..
2025,YR2025,Central Europe and the Baltics,CEB,..
2025,YR2025,Chad,TCD,..
2025,YR2025,Channel Islands,CHI,..
2025,YR2025,Chile,CHL,..
2025,YR2025,China,CHN,..
2025,YR2025,Colombia,COL,..
2025,YR2025,Comoros,COM,..
2025,YR2025,"Congo, Dem. Rep.",COD,..
2025,YR2025,"Congo, Rep.",COG,..
2025,YR2025,Costa Rica,CRI,..
2025,YR2025,Cote d'Ivoire,CIV,..
2025,YR2025,Croatia,HRV,..
2025,YR2025,Cuba,CUB,..
2025,YR2025,Curacao,CUW,..
2025,YR2025,Cyprus,CYP,..
2025,YR2025,Czechia,CZE,..
2025,YR2025,Denmark,DNK,..
2025,YR2025,Djibouti,DJI,..
2025,YR2025,Dominica,DMA,..
2025,YR2025,Dominican Republic,DOM,..
2025,YR2025,Early-demographic dividend,EAR,..
2025,YR2025,East Asia & Pacific,EAS,..
2025,YR2025,East Asia & Pacific (excluding high income),EAP,..
2025,YR2025,East Asia & Pacific (IDA & IBRD countries),TEA,..
2025,YR2025,Ecuador,ECU,..
2025,YR2025,"Egypt, Arab Rep.",EGY,..
2025,YR2025,El Salvador,SLV,..
2025,YR2025,Equatorial Guinea,GNQ,..
2025,YR2025,Eritrea,ERI,..
2025,YR2025,Estonia,EST,..
2025,YR2025,Eswatini,SWZ,..
2025,YR2025,Ethiopia,ETH,..
2025,YR2025,Euro area,EMU,..
2025,YR2025,Europe & Central Asia,ECS,..
2025,YR2025,Europe & Central Asia (excluding high income),ECA,..
2025,YR2025,Europe & Central Asia (IDA & IBRD countries),TEC,..
2025,YR2025,European Union,EUU,..
2025,YR2025,Faroe Islands,FRO,..
2025,YR2025,Fiji,FJI,..
2025,YR2025,Finland,FIN,..
2025,YR2025,France,FRA,..
2025,YR2025,French Polynesia,PYF,..
2025,YR2025,Gabon,GAB,..
2025,YR2025,"Gambia, The",GMB,..
2025,YR2025,Georgia,GEO,..
2025,YR2025,Germany,DEU,..
2025,YR2025,Ghana,GHA,..
2025,YR2025,Gibraltar,GIB,..
2025,YR2025,Greece,GRC,..
2025,YR2025,Greenland,GRL,..
2025,YR2025,Grenada,GRD,..
2025,YR2025,Guam,GUM,..
2025,YR2025,Guatemala,GTM,..
2025,YR2025,Guinea,GIN,..
2025,YR2025,Guinea-Bissau,GNB,..
2025,YR2025,Guyana,GUY,..
2025,YR2025,Haiti,HTI,..
2025,YR2025,Heavily indebted poor countries (HIPC),HPC,..
2025,YR2025,High income,HIC,..
2025,YR2025,Honduras,HND,..
2025,YR2025,"Hong Kong SAR, China",HKG,..
2025,YR2025,Hungary,HUN,..
2025,YR2025,IBRD only,IBD,..
2025,YR2025,Iceland,ISL,..
2025,YR2025,IDA & IBRD total,IBT,..
2025,YR2025,IDA blend,IDB,..
2025,YR2025,IDA only,IDX,..
2025,YR2025,IDA total,IDA,..
2025,YR2025,India,IND,..
2025,YR2025,Indonesia,IDN,..
2025,YR2025,"Iran, Islamic Rep.",IRN,..
2025,YR2025,Iraq,IRQ,..
2025,YR2025,Ireland,IRL,..
2025,YR2025,Isle of Man,IMN,..
2025,YR2025,Israel,ISR,..
2025,YR2025,Italy,ITA,..
2025,YR2025,Jamaica,JAM,..
2025,YR2025,Japan,JPN,..
2025,YR2025,Jordan,JOR,..
2025,YR2025,Kazakhstan,KAZ,..
2025,YR2025,Kenya,KEN,..
2025,YR2025,Kiribati,KIR,..
2025,YR2025,"Korea, Dem. People's Rep.",PRK,..
2025,YR2025,"Korea, Rep.",KOR,..
2025,YR2025,Kosovo,XKX,..
2025,YR2025,Kuwait,KWT,..
2025,YR2025,Kyrgyz Republic,KGZ,..
2025,YR2025,Lao PDR,LAO,..
2025,YR2025,Late-demographic dividend,LTE,..
2025,YR2025,Latin America & Caribbean,LCN,..
2025,YR2025,Latin America & Caribbean (excluding high income),LAC,..
2025,YR2025,Latin America & the Caribbean (IDA & IBRD countries),TLA,..
2025,YR2025,Latvia,LVA,..
2025,YR2025,Least developed countries: UN classification,LDC,..
2025,YR2025,Lebanon,LBN,..
2025,YR2025,Lesotho,LSO,..
2025,YR2025,Liberia,LBR,..
2025,YR2025,Libya,LBY,..
2025,YR2025,Liechtenstein,LIE,..
2025,YR2025,Lithuania,LTU,..
2025,YR2025,Low & middle income,LMY,..
2025,YR2025,Low income,LIC,..
2025,YR2025,Lower middle income,LMC,..
2025,YR2025,Luxembourg,LUX,..
2025,YR2025,"Macao SAR, China",MAC,..
2025,YR2025,Madagascar,MDG,..
2025,YR2025,Malawi,MWI,..
2025,YR2025,Malaysia,MYS,..
2025,YR2025,Maldives,MDV,..
2025,YR2025,Mali,MLI,..
2025,YR2025,Malta,MLT,..
2025,YR2025,Marshall Islands,MHL,..
2025,YR2025,Mauritania,MRT,..
2025,YR2025,Mauritius,MUS,..
2025,YR2025,Mexico,MEX,..
2025,YR2025,"Micronesia, Fed. Sts.",FSM,..
2025,YR2025,"Middle East, North Africa, Afghanistan & Pakistan",MEA,..
2025,YR2025,"Middle East, North Africa, Afghanistan & Pakistan (excluding high income)",MNA,..
2025,YR2025,"Middle East, North Africa, Afghanistan & Pakistan (IDA & IBRD)",TMN,..
2025,YR2025,Middle income,MIC,..
2025,YR2025,Moldova,MDA,..
2025,YR2025,Monaco,MCO,..
2025,YR2025,Mongolia,MNG,..
2025,YR2025,Montenegro,MNE,..
2025,YR2025,Morocco,MAR,..
2025,YR2025,Mozambique,MOZ,..
2025,YR2025,Myanmar,MMR,..
2025,YR2025,Namibia,NAM,..
2025,YR2025,Naoero,NRU,..
2025,YR2025,Nepal,NPL,..
2025,YR2025,Netherlands,NLD,..
2025,YR2025,New Caledonia,NCL,..
2025,YR2025,New Zealand,NZL,..
2025,YR2025,Nicaragua,NIC,..
2025,YR2025,Niger,NER,..
2025,YR2025,Nigeria,NGA,..
2025,YR2025,North America,NAC,..
2025,YR2025,North Macedonia,MKD,..
2025,YR2025,Northern Mariana Islands,MNP,..
2025,YR2025,Norway,NOR,..
2025,YR2025,Not classified,INX,..
2025,YR2025,OECD members,OED,..
2025,YR2025,Oman,OMN,..
2025,YR2025,Other small states,OSS,..
2025,YR2025,Pacific island small states,PSS,..
2025,YR2025,Pakistan,PAK,..
2025,YR2025,Palau,PLW,..
2025,YR2025,Panama,PAN,..
2025,YR2025,Papua New Guinea,PNG,..
2025,YR2025,Paraguay,PRY,..
2025,YR2025,Peru,PER,..
2025,YR2025,Philippines,PHL,..
2025,YR2025,Poland,POL,..
2025,YR2025,Portugal,PRT,..
2025,YR2025,Post-demographic dividend,PST,..
2025,YR2025,Pre-demographic dividend,PRE,..
2025,YR2025,Puerto Rico (US),PRI,..
2025,YR2025,Qatar,QAT,..
2025,YR2025,Romania,ROU,..
2025,YR2025,Russian Federation,RUS,..
2025,YR2025,Rwanda,RWA,..
2025,YR2025,Samoa,WSM,..
2025,YR2025,San Marino,SMR,..
2025,YR2025,Sao Tome and Principe,STP,..
2025,YR2025,Saudi Arabia,SAU,..
2025,YR2025,Senegal,SEN,..
2025,YR2025,Serbia,SRB,..
2025,YR2025,Seychelles,SYC,..
2025,YR2025,Sierra Leone,SLE,..
2025,YR2025,Singapore,SGP,..
2025,YR2025,Sint Maarten (Dutch part),SXM,..
2025,YR2025,Slovak Republic,SVK,..
2025,YR2025,Slovenia,SVN,..
2025,YR2025,Small states,SST,..
2025,YR2025,Solomon Islands,SLB,..
2025,YR2025,"Somalia, Fed. Rep.",SOM,..
2025,YR2025,South Africa,ZAF,..
2025,YR2025,South Asia,SAS,..
2025,YR2025,South Asia (IDA & IBRD),TSA,..
2025,YR2025,South Sudan,SSD,..
2025,YR2025,Spain,ESP,..
2025,YR2025,Sri Lanka,LKA,..
2025,YR2025,St. Kitts and Nevis,KNA,..
2025,YR2025,St. Lucia,LCA,..
2025,YR2025,St. Martin (French part),MAF,..
2025,YR2025,St. Vincent and the Grenadines,VCT,..
2025,YR2025,Sub-Saharan Africa,SSF,..
2025,YR2025,Sub-Saharan Africa (excluding high income),SSA,..
2025,YR2025,Sub-Saharan Africa (IDA & IBRD countries),TSS,..
2025,YR2025,Sudan,SDN,..
2025,YR2025,Suriname,SUR,..
2025,YR2025,Sweden,SWE,..
2025,YR2025,Switzerland,CHE,..
2025,YR2025,Syrian Arab Republic,SYR,..
2025,YR2025,Tajikistan,TJK,..
2025,YR2025,Tanzania,TZA,..
2025,YR2025,Thailand,THA,..
2025,YR2025,Timor-Leste,TLS,..
2025,YR2025,Togo,TGO,..
2025,YR2025,Tonga,TON,..
2025,YR2025,Trinidad and Tobago,TTO,..
2025,YR2025,Tunisia,TUN,..
2025,YR2025,Turkiye,TUR,..
2025,YR2025,Turkmenistan,TKM,..
2025,YR2025,Turks and Caicos Islands,TCA,..
2025,YR2025,Tuvalu,TUV,..
2025,YR2025,Uganda,UGA,..
2025,YR2025,Ukraine,UKR,..
2025,YR2025,United Arab Emirates,ARE,..
2025,YR2025,United Kingdom,GBR,..
2025,YR2025,United States,USA,..
2025,YR2025,Upper middle income,UMC,..
2025,YR2025,Uruguay,URY,..
2025,YR2025,Uzbekistan,UZB,..
2025,YR2025,Vanuatu,VUT,..
2025,YR2025,"Venezuela, RB",VEN,..
2025,YR2025,Viet Nam,VNM,..
2025,YR2025,Virgin Islands (U.S.),VIR,..
2025,YR2025,West Bank and Gaza,PSE,..
2025,YR2025,World,WLD,..
2025,YR2025,"Yemen, Rep.",YEM,..
2025,YR2025,Zambia,ZMB,..
2025,YR2025,Zimbabwe,ZWE,..
,,,,
,,,,
,,,,
Data from database: World Development Indicators,,,,
Last Updated: 07/13/2026,,,,
